launch-cap_set-create-cap_set-end,647
launch-create-cap_set-end,361
launch-cap_set-create-end,349
launch-cap_set-cpvc_params-cap_set-cpvc_params-cap_set-cpvc_params-cap_set-cpvc_params-cap_set-cpvc_params,300
launch-cap_set-cpvc_params-end,271
launch-cap_set-cpvc_params-cap_set-end,230
launch-cap_set-cpvc_params-cap_set-cpvc_params-end,213
launch-cpvc_params-cap_set-end,176
launch-cap_set-cpvc_params-cap_set-cpvc_params-cap_set-end,160
launch-cpvc_params-cap_set-cpvc_params-cap_set-end,152
launch-cpvc_params-cap_set-cpvc_params-cap_set-cpvc_params-cap_set-cpvc_params-cap_set-cpvc_params-cap_set,152
launch-cap_set-create-cap_set-create-cap_set-end,124
launch-cpvc_params-cap_set-cpvc_params-end,110
launch-create-cap_set-create-end,82
launch-cap_set-cpvc_params-cap_set-cpvc_params-cap_set-cpvc_params-cap_set-end,61
launch-cap_set-cpvc_params-cap_set-cpvc_params-cap_set-cpvc_params-end,52
launch-cap_set-create-cap_set-create-end,50
launch-create-cap_set-create-cap_set-end,42
launch-cap_set-create-cap_set-create-cap_set-create-cap_set-end,40
launch-cap_set-cpvc_params-cap_set-cpvc_params-cap_set-cpvc_params-cap_set-cpvc_params-cap_set-end,39
launch-cpvc_params-cap_set-cpvc_params-cap_set-cpvc_params-cap_set-end,35
launch-cap_set-cpvc_params-cap_set-cpvc_params-cap_set-cpvc_params-cap_set-cpvc_params-end,24
launch-cap_set-create-cap_set-create-cap_set-create-cap_set-create-cap_set-create,22
launch-cpvc_params-cap_set-cpvc_params-cap_set-cpvc_params-cap_set-cpvc_params-cap_set-end,22
launch-cpvc_params-cap_set-cpvc_params-cap_set-cpvc_params-end,20
launch-cap_set-create-cap_set-create-cap_set-create-cap_set-create-cap_set-end,18
launch-cap_set-create-cap_set-cpvc_params-end,17
launch-cpvc_params-cap_set-cpvc_params-cap_set-cpvc_params-cap_set-cpvc_params-end,15
launch-cpvc_ST-cpvc_EV-end,13
launch-cap_set-cpvc_params-cap_set-cpvc_params-cap_set-cpvc_params-cap_set-cpvc_params-cap_set-cpvc_ST,12
launch-cpvc_ST-cpvc_params-cap_set-cpvc_params-cap_set-end,11
launch-cap_set-cpvc_ST-cpvc_params-end,11
launch-cpvc_params-cap_set-cpvc_params-cap_set-cpvc_params-cap_set-cpvc_params-cap_set-cpvc_params-end,11
launch-create-cap_set-create-cap_set-create-cap_set-end,11
launch-cap_set-fmr_edit-cap_set-end,10
launch-create-cap_set-create-cap_set-create-end,10
launch-cap_set-cpvc_params-cap_set-cpvc_params-cap_set-cpvc_AR-cap_set-end,10
launch-cap_set-cpvc_AR-cap_set-cpvc_params-cap_set-end,10
launch-cpvc_EV-cpvc_ST-end,10
launch-cap_set-create-cap_set-create-cap_set-create-end,9
launch-cap_set-cpvc_params-cap_set-cpvc_params-cap_set-cpvc_params-cap_set-cpvc_ST-cpvc_params-cap_set,9
launch-cap_set-cpvc_AR-cpvc_params-cap_set-end,9
launch-cap_set-cpvc_params-cap_set-cpvc_params-cpvc_ST-end,9
launch-cap_set-create-cap_set-cpvc_params-cap_set-cpvc_params-cap_set-cpvc_params-cap_set-cpvc_params,8
launch-cap_set-create-cap_set-cpvc_params-cap_set-cpvc_params-end,8
launch-cap_set-create-cap_set-cpvc_params-cap_set-end,8
launch-cap_set-cpvc_ST-cpvc_params-cap_set-end,8
launch-cpvc_EV-cpvc_ST-cpvc_EV-cpvc_ST-end,8
launch-cap_set-cpvc_params-cpvc_ST-cpvc_params-end,7
launch-cpvc_ST-cpvc_params-cap_set-end,7
launch-cap_set-cpvc_params-create-end,7
launch-cap_set-fmr_edit-cap_set-fmr_edit-cap_set-end,7
launch-cpvc_ST-create-end,7
launch-cap_set-cpvc_AR-cap_set-cpvc_params-cap_set-cpvc_params-cap_set-end,7
launch-create-cap_set-cpvc_params-end,7
launch-cap_set-create-cap_set-cpvc_params-cap_set-cpvc_params-cap_set-end,6
launch-cap_set-cpvc_EV-end,6
launch-cpvc_params-create-cap_set-end,6
launch-cap_set-create-cpvc_params-end,6
launch-cpvc_params-cap_set-create-cap_set-cpvc_params-end,6
launch-cap_set-cpvc_params-cap_set-cpvc_AR-cpvc_params-cap_set-end,6
launch-cpvc_params-cap_set-cpvc_params-cpvc_ST-end,6
launch-cap_set-cpvc_params-cap_set-create-end,6
launch-cap_set-cpvc_params-cap_set-create-cap_set-end,6
launch-cap_set-cpvc_ST-cap_set-cpvc_params-cap_set-cpvc_params-cap_set-cpvc_params-cap_set-cpvc_params,6
launch-create-cpvc_EV-end,6
launch-cpvc_ST-cpvc_PZ-cpvc_ST-end,6
launch-cap_set-cpvc_params-cpvc_PY-end,5
launch-cap_set-cpvc_params-cap_set-cpvc_params-cap_set-cpvc_params-cap_set-create-cpvc_params-cap_set,5
launch-cap_set-create-cpvc_params-cap_set-end,5
launch-cpvc_params-cap_set-create-cap_set-end,5
launch-cpvc_EV-cpvc_ST-cpvc_EV-end,5
launch-cpvc_EV-cpvc_ST-cpvc_EV-cpvc_ST-cpvc_EV-cpvc_ST-cpvc_EV-cpvc_ST-cpvc_EV-cpvc_ST,5
launch-cap_set-cpvc_params-cap_set-cpvc_params-cap_set-cpvc_params-cap_set-cpvc_params-cap_set-create,5
launch-cap_set-cpvc_EV-cap_set-end,5
launch-cap_set-cpvc_params-cap_set-cpvc_AR-cap_set-cpvc_params-cap_set-cpvc_params-cap_set-cpvc_AR,5
launch-cap_set-cpvc_params-cap_set-cpvc_params-cap_set-cpvc_params-cap_set-cpvc_ST-cap_set-cpvc_params,5
launch-cap_set-cpvc_ST-cpvc_params-cap_set-cpvc_params-end,5
launch-cap_set-cpvc_params-cpvc_PZ-end,5
launch-cap_set-cpvc_params-cpvc_ST-end,5
launch-cap_set-cpvc_params-cap_set-cpvc_params-cap_set-cpvc_params-cap_set-cpvc_params-cpvc_ST-cpvc_params,5
launch-create-cap_set-cpvc_params-cap_set-cpvc_params-end,5
launch-cap_set-cpvc_AR-cap_set-cpvc_params-cap_set-cpvc_params-cap_set-cpvc_params-cap_set-cpvc_params,5
launch-cap_set-cpvc_AR-cap_set-cpvc_params-cap_set-cpvc_params-cap_set-cpvc_params-cap_set-cpvc_AR,5
launch-cap_set-cpvc_ST-cap_set-cpvc_params-end,5
launch-create-cpvc_params-cap_set-end,5
launch-cpvc_params-cap_set-cpvc_params-cap_set-create-cap_set-end,4
launch-cpvc_AR-cap_set-cpvc_params-cap_set-end,4
launch-cpvc_params-cap_set-cpvc_params-cap_set-cpvc_ST-end,4
launch-cpvc_EV-create-cpvc_EV-end,4
launch-cpvc_params-cap_set-cpvc_params-cap_set-create-end,4
launch-create-cpvc_ST-end,4
launch-cap_set-cpvc_params-cap_set-cpvc_params-create-end,4
launch-cap_set-cpvc_AR-cpvc_params-cap_set-cpvc_params-cap_set-end,4
launch-cap_set-cpvc_AR-cap_set-cpvc_params-cap_set-cpvc_AR-cpvc_params-cap_set-cpvc_params-cap_set,4
launch-cap_set-cpvc_params-cpvc_AR-cap_set-end,4
launch-cpvc_ST-cpvc_EV-cpvc_ST-cpvc_EV-end,4
launch-cap_set-cpvc_AR-cpvc_params-cap_set-cpvc_params-cap_set-cpvc_params-cap_set-cpvc_params-cap_set,4
launch-cap_set-cpvc_params-cap_set-cpvc_params-cap_set-create-cap_set-end,4
launch-cap_set-cpvc_params-cap_set-cpvc_ST-end,4
launch-cap_set-cpvc_PZ-cap_set-cpvc_params-cap_set-end,4
launch-cap_set-cpvc_params-cap_set-cpvc_params-cap_set-cpvc_ST-cap_set-end,4
launch-cap_set-fmr_edit-cap_set-fmr_edit-cap_set-fmr_edit-cap_set-fmr_edit-cap_set-end,4
launch-cap_set-cpvc_params-cap_set-cpvc_params-cpvc_PY-end,4
launch-cap_set-cpvc_params-cap_set-cpvc_params-cap_set-cpvc_params-cap_set-cpvc_AR-cap_set-cpvc_AR,4
launch-cap_set-cpvc_params-cap_set-cpvc_ST-cpvc_params-end,4
launch-cpvc_ST-cpvc_EV-cpvc_ST-cpvc_EV-cpvc_ST-cpvc_EV-cpvc_ST-cpvc_EV-cpvc_ST-cpvc_EV,4
launch-cpvc_ST-cpvc_PZ-end,4
launch-cpvc_ST-cap_set-cpvc_params-cap_set-cpvc_params-cap_set-cpvc_params-cap_set-cpvc_params-cap_set,4
launch-cap_set-cpvc_params-cap_set-cpvc_params-cap_set-cpvc_params-cap_set-cpvc_params-cap_set-cpvc_PZ,4
launch-cap_set-cpvc_AR-cap_set-cpvc_params-cap_set-cpvc_params-cap_set-cpvc_AR-cpvc_params-cap_set,4
launch-cpvc_params-cpvc_AR-cpvc_params-cap_set-end,3
launch-cpvc_ST-cpvc_params-cap_set-cpvc_params-end,3
launch-cap_set-cpvc_params-cap_set-cpvc_params-cap_set-cpvc_AR-end,3
launch-cap_set-cpvc_PY-cpvc_params-cap_set-end,3
launch-cpvc_params-cap_set-cpvc_params-cap_set-cpvc_params-cap_set-cpvc_ST-cap_set-cpvc_params-cap_set,3
launch-create-cap_set-cpvc_params-cpvc_AR-cpvc_params-end,3
launch-cap_set-cpvc_params-cap_set-cpvc_params-cap_set-cpvc_params-cap_set-cpvc_params-cap_set-cpvc_AR,3
launch-cpvc_PY-cpvc_params-cap_set-end,3
launch-cap_set-cpvc_AR-cpvc_params-end,3
launch-cpvc_params-cap_set-cpvc_params-cap_set-cpvc_params-cap_set-create-cap_set-cpvc_params-cap_set,3
launch-cpvc_ST-cpvc_IO-end,3
launch-cap_set-cpvc_params-cap_set-cpvc_PZ-end,3
launch-cpvc_params-cap_set-cpvc_params-cap_set-cpvc_params-cap_set-cpvc_params-cap_set-cpvc_ST-cpvc_params,3
launch-cap_set-cpvc_params-cpvc_AR-cap_set-cpvc_params-cap_set-end,3
launch-cap_set-cpvc_params-cap_set-cpvc_params-cap_set-create-end,3
launch-cap_set-cpvc_ST-cpvc_params-cap_set-cpvc_params-cap_set-cpvc_params-cap_set-cpvc_params-cap_set,3
launch-cap_set-cpvc_params-cap_set-cpvc_params-cap_set-cpvc_params-cap_set-cpvc_AR-cap_set-cpvc_params,3
launch-cpvc_params-cap_set-cpvc_ST-cpvc_params-end,3
launch-cpvc_params-cap_set-cpvc_AR-cap_set-end,3
launch-cap_set-cpvc_ST-cap_set-cpvc_params-cap_set-cpvc_params-end,3
launch-cpvc_EV-cpvc_PZ-cpvc_EV-end,3
launch-cpvc_params-cap_set-cpvc_params-cpvc_PY-cap_set-end,3
launch-cpvc_params-cap_set-cpvc_ST-cap_set-cpvc_params-cap_set-cpvc_params-cap_set-cpvc_params-cap_set,3
launch-cap_set-cpvc_ST-cpvc_params-cap_set-cpvc_params-cap_set-end,3
launch-create-cap_set-cpvc_params-cap_set-cpvc_params-cap_set-end,3
launch-cap_set-cpvc_params-cap_set-create-cpvc_params-end,3
launch-cpvc_params-cap_set-cpvc_ST-cap_set-cpvc_params-end,3
launch-cap_set-cpvc_params-cap_set-cpvc_params-cpvc_AR-end,3
launch-cpvc_params-cap_set-cpvc_ST-end,3
launch-cpvc_EV-cpvc_PZ-end,3
launch-cpvc_ST-cap_set-cpvc_params-cap_set-end,3
launch-cap_set-cpvc_params-cap_set-cpvc_AR-cpvc_params-cap_set-cpvc_params-cap_set-cpvc_AR-cap_set,3
launch-cap_set-cpvc_params-cap_set-cpvc_AR-cap_set-cpvc_params-cap_set-cpvc_AR-cpvc_params-cap_set,3
launch-cpvc_PZ-cpvc_params-cap_set-cpvc_params-cap_set-end,3
launch-cap_set-cpvc_params-create-cpvc_params-cap_set-end,3
launch-cap_set-cpvc_params-cap_set-cpvc_AR-cap_set-cpvc_params-cap_set-cpvc_params-cap_set-cpvc_params,3
launch-cap_set-cpvc_params-cpvc_ST-cap_set-end,3
launch-cap_set-cpvc_params-cap_set-cpvc_params-cap_set-cpvc_ST-cpvc_params-cap_set-cpvc_params-cap_set,3
launch-cpvc_EV-create-end,3
launch-cap_set-fmr_edit-cap_set-fmr_edit-cap_set-fmr_edit-cap_set-end,3
launch-create-cap_set-create-cap_set-create-cap_set-create-cap_set-end,3
launch-cpvc_params-cap_set-cpvc_params-cpvc_AR-end,3
launch-cpvc_params-cap_set-cpvc_AR-cpvc_params-cap_set-end,3
launch-cap_set-cpvc_params-cap_set-cpvc_params-cap_set-cpvc_AR-cap_set-cpvc_AR-cpvc_params-cap_set,3
launch-cpvc_AR-cpvc_params-cap_set-cpvc_params-end,3
launch-cap_set-cpvc_PZ-cpvc_params-cap_set-cpvc_params-cap_set-cpvc_params-cap_set-cpvc_params-cap_set,3
launch-cap_set-cpvc_params-cap_set-create-cpvc_params-cap_set-end,3
launch-cpvc_EM-cpvc_ST-end,3
launch-cap_set-cpvc_params-cap_set-cpvc_AR-cap_set-cpvc_AR-cpvc_params-cap_set-cpvc_params-cap_set,3
launch-create-cpvc_params-cap_set-cpvc_params-end,3
launch-cap_set-cpvc_params-cap_set-cpvc_params-cap_set-cpvc_AR-cap_set-cpvc_params-cap_set-cpvc_AR,3
launch-cpvc_EV-cpvc_ST-cpvc_EV-cpvc_ST-cpvc_EV-cpvc_ST-end,3
launch-cap_set-cpvc_ST-cap_set-cpvc_params-cap_set-end,2
launch-cap_set-cpvc_AR-cpvc_params-cap_set-cpvc_params-cap_set-cpvc_AR-cpvc_params-cap_set-cpvc_params,2
launch-cap_set-cpvc_params-cap_set-cpvc_params-cap_set-cpvc_params-cap_set-cpvc_ST-cpvc_params-cpvc_ST,2
launch-cap_set-cpvc_params-cpvc_AR-cap_set-cpvc_params-cpvc_AR-cap_set-cpvc_params-cap_set-cpvc_params,2
launch-cpvc_params-cap_set-cpvc_params-cap_set-cpvc_ST-cap_set-cpvc_params-cap_set-cpvc_params-cap_set,2
launch-cap_set-cpvc_params-cap_set-cpvc_ST-cap_set-cpvc_params-cap_set-cpvc_params-end,2
launch-cap_set-cpvc_ST-cap_set-cpvc_params-cap_set-cpvc_params-cap_set-end,2
launch-cap_set-cpvc_AR-cap_set-cpvc_params-cap_set-cpvc_params-cpvc_AR-cap_set-cpvc_params-cap_set,2
launch-cap_set-cpvc_params-cap_set-create-cap_set-cpvc_params-cap_set-cpvc_params-cap_set-cpvc_params,2
launch-cap_set-fmr_edit-cap_set-fmr_edit-cap_set-fmr_edit-cap_set-fmr_edit-cap_set-fmr_edit,2
launch-cpvc_params-cap_set-cpvc_params-cap_set-cpvc_params-cap_set-cpvc_params-cap_set-create-cap_set,2
launch-cpvc_ST-cap_set-cpvc_params-cap_set-cpvc_params-cap_set-end,2
launch-cap_set-cpvc_params-cap_set-cpvc_AR-cap_set-cpvc_params-cap_set-end,2
launch-cpvc_params-cap_set-create-end,2
launch-cap_set-cpvc_params-cap_set-create-cap_set-cpvc_AR-cap_set-cpvc_params-cap_set-end,2
launch-cpvc_ST-cap_set-cpvc_params-cap_set-cpvc_ST-cap_set-cpvc_ST-cpvc_params-cap_set-cpvc_params,2
launch-cap_set-cpvc_PZ-cpvc_params-cap_set-cpvc_params-cap_set-end,2
launch-cpvc_IO-cpvc_ST-end,2
launch-cpvc_params-cpvc_EV-end,2
launch-cap_set-cpvc_AR-cap_set-cpvc_params-end,2
launch-cpvc_params-cpvc_ST-cap_set-cpvc_params-cap_set-cpvc_params-cap_set-cpvc_params-cap_set-cpvc_params,2
launch-cpvc_ST-cpvc_EV-cpvc_ST-end,2
launch-cpvc_params-cap_set-create-cap_set-cpvc_params-cap_set-cpvc_params-cap_set-cpvc_params-end,2
launch-cap_set-cpvc_AR-cap_set-cpvc_AR-cpvc_params-cap_set-cpvc_params-cap_set-cpvc_params-cap_set,2
launch-cpvc_params-cpvc_PZ-cap_set-end,2
launch-cpvc_ST-cap_set-cpvc_ST-cap_set-cpvc_params-cap_set-cpvc_params-cap_set-cpvc_params-cap_set,2
launch-cap_set-cpvc_EV-cap_set-cpvc_params-cap_set-cpvc_params-cap_set-cpvc_params-cap_set-cpvc_params,2
launch-cap_set-cpvc_params-create-cap_set-cpvc_params-cap_set-cpvc_params-cap_set-cpvc_params-cap_set,2
launch-cpvc_ST-cpvc_AT-end,2
launch-cap_set-create-cap_set-cpvc_AR-cap_set-cpvc_params-cap_set-cpvc_params-cpvc_AR-cap_set,2
launch-cap_set-cpvc_AR-cap_set-cpvc_AR-cap_set-cpvc_params-cap_set-cpvc_params-cap_set-cpvc_params,2
launch-cap_set-cpvc_AR-cpvc_params-cap_set-cpvc_AR-cpvc_params-cap_set-cpvc_params-cap_set-cpvc_AR,2
launch-cap_set-create-cpvc_params-cap_set-cpvc_params-end,2
launch-cap_set-cpvc_params-cap_set-cpvc_PY-end,2
launch-cpvc_params-cap_set-cpvc_AR-cap_set-cpvc_params-cap_set-cpvc_params-cap_set-cpvc_AR-cap_set,2
launch-cap_set-create-cap_set-create-cap_set-cpvc_params-cap_set-cpvc_params-end,2
launch-cap_set-cpvc_params-cpvc_AR-cpvc_params-cap_set-cpvc_AR-cap_set-cpvc_params-cap_set-cpvc_AR,2
launch-cpvc_ST-cpvc_params-cap_set-cpvc_ST-cpvc_params-cap_set-end,2
launch-cap_set-cpvc_params-cap_set-cpvc_params-cap_set-cpvc_params-cpvc_ST-cap_set-cpvc_params-cap_set,2
launch-cap_set-cpvc_AR-cpvc_params-cap_set-cpvc_params-cap_set-cpvc_params-cpvc_AR-cap_set-cpvc_params,2
launch-cpvc_params-cap_set-cpvc_AR-cap_set-cpvc_params-cap_set-cpvc_params-cap_set-cpvc_params-cap_set,2
launch-cpvc_params-cap_set-create-cpvc_params-cap_set-end,2
launch-cap_set-cpvc_params-cap_set-cpvc_AR-cpvc_params-cap_set-create-cap_set-end,2
launch-cap_set-cpvc_params-cpvc_IO-end,2
launch-cap_set-create-cpvc_params-create-end,2
launch-cap_set-cpvc_AR-cap_set-cpvc_params-cap_set-cpvc_params-cap_set-cpvc_AR-cap_set-cpvc_params,2
launch-cap_set-cpvc_params-cap_set-cpvc_AR-cap_set-end,2
launch-cpvc_AR-cpvc_params-cap_set-cpvc_params-cap_set-end,2
launch-cap_set-cpvc_params-cap_set-cpvc_params-cpvc_AR-cap_set-end,2
launch-cpvc_params-cap_set-cpvc_ST-cpvc_params-cap_set-end,2
launch-cap_set-create-cpvc_params-cpvc_AR-cap_set-cpvc_params-cap_set-cpvc_params-cap_set-cpvc_AR,2
launch-cap_set-cpvc_params-cap_set-cpvc_AR-cpvc_params-cap_set-cpvc_AR-cpvc_params-cap_set-cpvc_AR,2
launch-cap_set-cpvc_params-cap_set-cpvc_params-cap_set-cpvc_ST-end,2
launch-cap_set-cpvc_params-cap_set-cpvc_params-cap_set-cpvc_params-create-cap_set-cpvc_params-cap_set,2
launch-cap_set-cpvc_params-cap_set-cpvc_params-cap_set-create-cap_set-create-cap_set-end,2
launch-cpvc_AR-cap_set-cpvc_AR-cap_set-cpvc_params-cap_set-cpvc_params-cap_set-cpvc_params-cap_set,2
launch-cap_set-cpvc_params-cap_set-cpvc_AR-end,2
launch-cap_set-create-cap_set-create-cap_set-create-cap_set-cpvc_AR-cap_set-cpvc_params,2
launch-create-cap_set-cpvc_params-cap_set-cpvc_AR-cpvc_params-end,2
launch-cpvc_ST-cap_set-cpvc_ST-cpvc_params-cap_set-cpvc_params-cap_set-cpvc_params-cap_set-cpvc_params,2
launch-cpvc_ST-cpvc_params-cpvc_ST-end,2
launch-cpvc_EV-cpvc_RT-end,2
launch-cpvc_EV-cpvc_ST-cpvc_EV-cpvc_ST-cpvc_EV-cpvc_ST-cpvc_EV-end,2
launch-cpvc_params-cap_set-create-cap_set-cpvc_params-cap_set-cpvc_params-cap_set-cpvc_params-cap_set,2
launch-cpvc_params-cap_set-cpvc_params-cap_set-cpvc_AR-cap_set-end,2
launch-cpvc_params-cap_set-cpvc_params-cap_set-cpvc_AR-cpvc_params-cap_set-cpvc_params-cpvc_AR-cap_set,2
launch-cpvc_params-cap_set-cpvc_params-cap_set-cpvc_params-cpvc_AR-cpvc_params-cap_set-cpvc_AR-cpvc_params,2
launch-cap_set-cpvc_AR-cap_set-cpvc_params-cap_set-cpvc_params-cap_set-create-cap_set-create,2
launch-cap_set-cpvc_params-cpvc_AR-cpvc_params-end,2
launch-cap_set-cpvc_PY-cap_set-cpvc_params-cap_set-cpvc_params-cap_set-cpvc_params-cap_set-cpvc_params,2
launch-cap_set-cpvc_params-cap_set-cpvc_params-cap_set-cpvc_params-cpvc_ST-cap_set-cpvc_ST-cpvc_params,2
launch-cap_set-cpvc_IO-cpvc_params-end,2
launch-cap_set-create-cap_set-cpvc_params-cap_set-cpvc_params-cap_set-cpvc_AR-cap_set-end,2
launch-cap_set-cpvc_params-cpvc_AR-cpvc_params-cap_set-cpvc_params-cap_set-cpvc_AR-cpvc_params-cpvc_EV,2
launch-create-cpvc_PZ-end,2
launch-cpvc_PZ-cpvc_ST-cpvc_PZ-cpvc_ST-cpvc_PZ-end,2
launch-cpvc_EV-cap_set-cpvc_AR-cpvc_params-cap_set-cpvc_params-cap_set-end,2
launch-cap_set-cpvc_params-create-cap_set-cpvc_params-cap_set-end,2
launch-cap_set-create-cpvc_ST-cpvc_params-cap_set-cpvc_params-cap_set-end,2
launch-cpvc_params-cap_set-cpvc_params-cap_set-cpvc_params-cap_set-cpvc_params-cap_set-cpvc_params-cpvc_ST,2
launch-create-cap_set-cpvc_params-cap_set-cpvc_params-cap_set-cpvc_params-cap_set-cpvc_params-cap_set,2
launch-cpvc_params-cap_set-cpvc_params-create-cap_set-end,2
launch-cpvc_params-cpvc_PY-cpvc_params-cap_set-end,2
launch-cpvc_ST-cpvc_AT-cpvc_ST-cpvc_AT-end,2
launch-cap_set-cpvc_ST-end,2
launch-cap_set-cpvc_params-cap_set-cpvc_params-cap_set-cpvc_params-cpvc_AR-cap_set-cpvc_params-cap_set,2
launch-cpvc_params-cap_set-cpvc_params-cpvc_PZ-cpvc_ST-end,2
launch-cap_set-cpvc_params-cap_set-cpvc_params-cap_set-cpvc_params-cap_set-cpvc_params-cpvc_ST-cap_set,2
launch-cpvc_params-cap_set-cpvc_params-cap_set-cpvc_params-cap_set-cpvc_params-cap_set-cpvc_ST-cap_set,2
launch-cap_set-cpvc_params-cap_set-cpvc_params-cap_set-cpvc_PZ-end,2
launch-cpvc_params-cap_set-cpvc_params-cap_set-cpvc_params-cpvc_ST-end,2
launch-cpvc_ST-cap_set-cpvc_params-cap_set-cpvc_params-cap_set-cpvc_params-cap_set-cpvc_ST-cpvc_params,2
launch-cap_set-create-cap_set-cpvc_params-cap_set-cpvc_AR-cpvc_params-end,2
launch-cap_set-cpvc_params-cap_set-cpvc_params-cpvc_AR-cpvc_params-cap_set-cpvc_params-cap_set-cpvc_params,2
launch-cpvc_params-cap_set-cpvc_AR-cpvc_params-cap_set-cpvc_params-cap_set-cpvc_params-cap_set-cpvc_AR,2
launch-cpvc_ST-cpvc_params-cap_set-cpvc_params-cap_set-cpvc_params-cap_set-cpvc_params-cap_set-cpvc_params,2
launch-cap_set-cpvc_params-cap_set-cpvc_ST-cap_set-cpvc_params-cap_set-cpvc_ST-cap_set-cpvc_params,2
launch-cap_set-cpvc_AR-cap_set-cpvc_params-cap_set-cpvc_params-cap_set-cpvc_params-cpvc_AR-cap_set,2
launch-create-cpvc_params-cap_set-create-end,2
launch-cap_set-cpvc_params-cap_set-cpvc_params-cap_set-cpvc_params-cpvc_ST-cpvc_params-cap_set-cpvc_params,2
launch-cap_set-cpvc_params-cap_set-cpvc_ST-cap_set-end,2
launch-cap_set-cpvc_params-cpvc_AR-end,2
launch-cap_set-cpvc_params-create-cap_set-cpvc_params-end,2
launch-cap_set-cpvc_params-cap_set-cpvc_params-cap_set-cpvc_params-cap_set-cpvc_ST-end,2
launch-create-cpvc_AR-cpvc_params-cap_set-cpvc_params-cap_set-end,2
launch-cpvc_params-cap_set-cpvc_params-cap_set-cpvc_ST-cpvc_params-cap_set-cpvc_ST-end,2
launch-cap_set-cpvc_params-cap_set-cpvc_params-cpvc_AR-cap_set-cpvc_params-cap_set-cpvc_AR-cpvc_params,2
launch-cpvc_AT-cpvc_ST-end,2
launch-cap_set-create-cap_set-cpvc_params-cap_set-cpvc_params-cap_set-cpvc_ST-cpvc_params-cpvc_ST,2
launch-cpvc_ST-cpvc_params-cap_set-cpvc_params-cap_set-cpvc_params-cap_set-cpvc_params-cap_set-cpvc_ST,2
launch-cap_set-cpvc_PZ-cpvc_params-cap_set-end,2
launch-cpvc_params-cap_set-cpvc_params-cap_set-cpvc_params-cap_set-cpvc_AR-cap_set-cpvc_AR-cpvc_params,2
launch-cpvc_ST-cpvc_PY-cpvc_ST-end,2
launch-cap_set-cpvc_EV-cap_set-cpvc_params-cap_set-cpvc_params-cap_set-cpvc_AR-cap_set-cpvc_params,2
launch-cap_set-cpvc_params-cap_set-cpvc_params-cap_set-cpvc_params-cpvc_ST-cpvc_params-cap_set-end,2
launch-cap_set-create-cap_set-cpvc_params-cpvc_AR-end,2
launch-cap_set-cpvc_params-cap_set-cpvc_params-cap_set-cpvc_params-cpvc_ST-end,2
launch-cap_set-cpvc_params-cap_set-cpvc_params-cap_set-cpvc_params-cap_set-cpvc_params-cpvc_PZ-cpvc_ST,2
launch-cap_set-create-cap_set-cpvc_params-cap_set-cpvc_AR-cpvc_params-cap_set-cpvc_AR-cpvc_params,2
launch-create-cpvc_params-cap_set-cpvc_params-cap_set-end,2
launch-cap_set-cpvc_params-cap_set-cpvc_ST-cpvc_params-cap_set-cpvc_params-cap_set-cpvc_ST-cap_set,2
launch-cpvc_ST-cpvc_params-cap_set-cpvc_ST-cap_set-cpvc_params-cap_set-cpvc_params-cap_set-cpvc_params,2
launch-cap_set-create-cpvc_params-cap_set-cpvc_params-cap_set-cpvc_params-cap_set-cpvc_params-cap_set,2
launch-cap_set-cpvc_params-cap_set-cpvc_params-cpvc_AR-cpvc_params-cap_set-cpvc_params-cap_set-cpvc_AR,2
launch-cap_set-cpvc_params-cap_set-cpvc_ST-cpvc_params-cap_set-cpvc_params-cap_set-end,2
launch-cap_set-cpvc_params-cpvc_PY-cpvc_params-end,2
launch-cpvc_params-cap_set-cpvc_ST-cap_set-cpvc_params-cap_set-end,2
launch-cap_set-create-cap_set-cpvc_params-cap_set-cpvc_params-cap_set-cpvc_AR-cpvc_params-cap_set,2
launch-cap_set-cpvc_params-cpvc_ST-cpvc_params-cap_set-end,2
launch-cap_set-create-cap_set-cpvc_AR-cpvc_params-end,2
