launch-cap_set-create-cap_set-end,343
launch-create-cap_set-end,313
launch-cap_set-create-end,307
launch-cap_set-cpvc_params-cap_set-end,228
launch-cap_set-cpvc_params-end,202
launch-cap_set-cpvc_params-cap_set-cpvc_params-end,173
launch-cap_set-cpvc_params-cap_set-cpvc_params-cap_set-cpvc_params-cap_set-cpvc_params-cap_set-cpvc_params,164
launch-cpvc_params-cap_set-end,149
launch-cpvc_params-cap_set-cpvc_params-cap_set-end,128
launch-cap_set-cpvc_params-cap_set-cpvc_params-cap_set-end,114
launch-cpvc_params-cap_set-cpvc_params-cap_set-cpvc_params-cap_set-cpvc_params-cap_set-cpvc_params-cap_set,86
launch-create-cap_set-create-end,75
launch-cap_set-create-cap_set-create-cap_set-end,69
launch-cpvc_params-cap_set-cpvc_params-end,67
launch-cap_set-cpvc_params-cap_set-cpvc_params-cap_set-cpvc_params-cap_set-end,33
launch-cap_set-cpvc_params-cap_set-cpvc_params-cap_set-cpvc_params-end,32
launch-create-cap_set-create-cap_set-end,30
launch-cap_set-cpvc_params-cap_set-cpvc_params-cap_set-cpvc_params-cap_set-cpvc_params-cap_set-end,26
launch-cap_set-create-cap_set-create-end,24
launch-cap_set-create-cap_set-create-cap_set-create-cap_set-end,19
launch-cap_set-cpvc_params-cap_set-cpvc_params-cap_set-cpvc_params-cap_set-cpvc_params-end,18
launch-cpvc_params-cap_set-cpvc_params-cap_set-cpvc_params-cap_set-cpvc_params-cap_set-end,15
launch-cpvc_params-cap_set-cpvc_params-cap_set-cpvc_params-cap_set-end,15
launch-cap_set-create-cap_set-create-cap_set-create-cap_set-create-cap_set-create,13
launch-cpvc_params-cap_set-cpvc_params-cap_set-cpvc_params-cap_set-cpvc_params-end,12
launch-cpvc_params-cap_set-cpvc_params-cap_set-cpvc_params-end,12
launch-cap_set-create-cap_set-create-cap_set-create-cap_set-create-cap_set-end,9
launch-cap_set-create-cap_set-cpvc_params-end,9
launch-create-cap_set-create-cap_set-create-cap_set-end,9
launch-cap_set-cpvc_params-cap_set-cpvc_params-cap_set-cpvc_AR-cap_set-end,8
launch-create-cap_set-create-cap_set-create-end,7
launch-cpvc_params-cap_set-cpvc_params-cap_set-create-cap_set-end,7
launch-cap_set-cpvc_params-cap_set-create-cap_set-end,7
launch-cap_set-cpvc_AR-cpvc_params-cap_set-end,6
launch-cap_set-cpvc_AR-cpvc_params-end,6
launch-cap_set-create-cpvc_params-cap_set-cpvc_params-cap_set-end,6
launch-cpvc_ST-cpvc_params-cap_set-end,6
launch-cap_set-create-cpvc_params-cap_set-cpvc_params-end,6
launch-cap_set-create-cap_set-create-cap_set-create-end,6
launch-cap_set-fmr_edit-cap_set-end,6
launch-cap_set-cpvc_PY-cpvc_params-cap_set-end,5
launch-cap_set-cpvc_ST-cpvc_params-end,5
launch-cap_set-cpvc_params-cap_set-cpvc_params-cap_set-cpvc_params-cap_set-cpvc_params-cap_set-cpvc_PZ,5
launch-cpvc_PZ-cpvc_params-cap_set-end,5
launch-cap_set-create-cap_set-cpvc_params-cap_set-cpvc_params-cap_set-end,5
launch-cap_set-create-cap_set-cpvc_AR-cpvc_params-cap_set-end,5
launch-cap_set-cpvc_ST-cap_set-cpvc_params-cap_set-cpvc_params-cap_set-cpvc_params-cap_set-cpvc_params,5
launch-cap_set-create-cap_set-cpvc_params-cap_set-cpvc_params-end,5
launch-cap_set-create-cap_set-create-cap_set-create-cap_set-create-end,5
launch-cap_set-cpvc_params-create-end,4
launch-cpvc_params-cap_set-cpvc_ST-cap_set-end,4
launch-cap_set-cpvc_params-cap_set-create-cap_set-cpvc_params-cap_set-end,4
launch-cap_set-cpvc_params-cap_set-cpvc_AR-cap_set-cpvc_params-cap_set-cpvc_params-cap_set-cpvc_params,4
launch-cap_set-cpvc_params-cap_set-cpvc_params-create-end,4
launch-cap_set-cpvc_params-cap_set-cpvc_params-cap_set-cpvc_params-cap_set-cpvc_params-cpvc_ST-cpvc_params,4
launch-cap_set-create-cap_set-cpvc_params-cap_set-end,4
launch-cap_set-cpvc_params-cpvc_AR-end,4
launch-cap_set-cpvc_params-cpvc_ST-end,4
launch-cap_set-cpvc_params-cpvc_PZ-cpvc_params-end,4
launch-cap_set-cpvc_AR-cap_set-cpvc_params-cap_set-cpvc_AR-cap_set-cpvc_params-cap_set-cpvc_params,4
launch-cap_set-cpvc_params-cap_set-create-cap_set-cpvc_params-cap_set-cpvc_params-cap_set-cpvc_params,4
launch-cpvc_params-cap_set-create-cap_set-end,4
launch-create-cap_set-create-cap_set-create-cap_set-create-cap_set-create-cap_set,4
launch-cpvc_IO-cpvc_PZ-end,4
launch-cpvc_params-cap_set-cpvc_ST-cap_set-cpvc_params-cap_set-cpvc_params-cap_set-cpvc_params-cap_set,4
launch-cpvc_ST-cpvc_EV-end,4
launch-cpvc_params-cap_set-cpvc_params-cap_set-cpvc_params-cap_set-cpvc_ST-cap_set-cpvc_params-cap_set,4
launch-cpvc_params-cap_set-cpvc_params-create-cap_set-end,4
launch-cap_set-cpvc_params-cpvc_PZ-end,4
launch-cpvc_ST-cpvc_params-cap_set-cpvc_params-cap_set-end,3
launch-create-cpvc_params-cap_set-cpvc_params-cap_set-end,3
launch-cap_set-cpvc_params-cap_set-cpvc_params-cap_set-cpvc_params-cap_set-cpvc_params-cap_set-cpvc_ST,3
launch-create-cap_set-cpvc_params-cap_set-end,3
launch-cap_set-cpvc_params-cap_set-cpvc_params-cap_set-cpvc_ST-cap_set-cpvc_params-cap_set-cpvc_params,3
launch-cap_set-cpvc_AR-cap_set-cpvc_params-cap_set-cpvc_params-cap_set-end,3
launch-cap_set-cpvc_ST-cpvc_params-cap_set-end,3
launch-cap_set-create-cpvc_params-cap_set-cpvc_params-cap_set-cpvc_params-cap_set-end,3
launch-cpvc_params-create-cap_set-end,3
launch-cpvc_ST-cpvc_PZ-cpvc_ST-end,3
launch-cap_set-cpvc_params-cap_set-cpvc_AR-cpvc_params-cap_set-cpvc_params-cap_set-cpvc_params-cpvc_AR,3
launch-cpvc_params-create-cap_set-cpvc_params-end,3
launch-cpvc_ST-cap_set-cpvc_params-end,3
launch-create-cap_set-create-cap_set-create-cap_set-create-end,3
launch-cpvc_params-cap_set-cpvc_params-cap_set-cpvc_params-cap_set-cpvc_params-cap_set-cpvc_params-cpvc_ST,3
launch-cap_set-cpvc_params-cap_set-cpvc_params-create-cap_set-end,3
launch-cpvc_EV-cpvc_PZ-end,3
launch-cpvc_AT-cpvc_ST-end,3
launch-cpvc_ST-cap_set-cpvc_params-cap_set-cpvc_params-cap_set-cpvc_params-cap_set-cpvc_params-cap_set,3
launch-cpvc_params-cap_set-cpvc_params-cap_set-cpvc_params-cap_set-cpvc_params-cap_set-cpvc_params-end,3
launch-cpvc_params-cap_set-cpvc_params-cap_set-cpvc_params-cap_set-cpvc_params-cap_set-cpvc_ST-cpvc_params,3
launch-cpvc_AR-cpvc_params-cap_set-end,3
launch-create-cap_set-cpvc_params-end,3
launch-cap_set-cpvc_params-create-cap_set-cpvc_params-end,2
launch-cap_set-cpvc_params-cpvc_AR-cpvc_params-end,2
launch-create-fmr_edit-end,2
launch-cap_set-cpvc_params-cap_set-cpvc_params-cap_set-cpvc_params-cap_set-cpvc_params-create-cap_set,2
launch-cpvc_params-cap_set-cpvc_params-cap_set-create-end,2
launch-cpvc_EV-cpvc_PZ-cpvc_EV-end,2
launch-cpvc_PY-create-end,2
launch-cpvc_ST-cpvc_IO-cpvc_ST-cpvc_IO-cpvc_ST-cpvc_IO-cpvc_ST-cpvc_IO-cpvc_ST-cpvc_IO,2
launch-cap_set-cpvc_params-cap_set-cpvc_params-cap_set-cpvc_AR-cap_set-create-cap_set-end,2
launch-cap_set-cpvc_AR-cap_set-cpvc_params-cap_set-cpvc_AR-cap_set-cpvc_AR-cpvc_params-cap_set,2
launch-cpvc_params-cap_set-cpvc_params-cap_set-cpvc_params-cap_set-cpvc_params-cpvc_ST-cap_set-cpvc_params,2
launch-cap_set-cpvc_AR-cpvc_params-cap_set-cpvc_params-cap_set-end,2
launch-cap_set-cpvc_params-cap_set-cpvc_AR-cpvc_params-cap_set-cpvc_params-cap_set-cpvc_AR-cap_set,2
launch-cap_set-cpvc_params-cap_set-cpvc_AR-cap_set-cpvc_params-cap_set-end,2
launch-cap_set-cpvc_params-cap_set-cpvc_params-cap_set-cpvc_params-cap_set-cpvc_params-cpvc_ST-cap_set,2
launch-cap_set-cpvc_params-cap_set-cpvc_params-cap_set-cpvc_params-cap_set-cpvc_ST-cpvc_params-cap_set,2
launch-cpvc_params-cap_set-create-cpvc_params-end,2
launch-cpvc_ST-cpvc_EV-cpvc_ST-cpvc_EV-cpvc_ST-cpvc_EV-cpvc_ST-cpvc_EV-end,2
launch-cap_set-cpvc_ST-cpvc_params-cap_set-cpvc_params-cap_set-end,2
launch-cap_set-cpvc_params-cap_set-create-cpvc_params-cap_set-end,2
launch-cap_set-cpvc_AR-cap_set-cpvc_params-cap_set-cpvc_params-cap_set-cpvc_AR-cpvc_params-cap_set,2
launch-cpvc_params-cap_set-cpvc_AR-end,2
launch-cpvc_ST-cpvc_params-cap_set-cpvc_params-cap_set-cpvc_params-cap_set-cpvc_params-cap_set-cpvc_params,2
launch-cap_set-cpvc_params-cap_set-cpvc_params-cap_set-cpvc_AR-end,2
launch-cap_set-cpvc_params-cap_set-cpvc_params-cap_set-cpvc_params-cpvc_ST-cpvc_params-cap_set-cpvc_params,2
launch-create-cap_set-cpvc_params-cap_set-cpvc_params-cap_set-end,2
launch-cap_set-create-cpvc_params-end,2
launch-cpvc_params-cap_set-cpvc_params-cap_set-cpvc_params-cap_set-cpvc_AR-cap_set-cpvc_params-cap_set,2
launch-cpvc_params-cap_set-cpvc_params-cap_set-cpvc_ST-cpvc_params-cap_set-end,2
launch-cpvc_params-cpvc_ST-cpvc_params-cap_set-cpvc_params-cap_set-cpvc_params-cap_set-cpvc_params-cap_set,2
launch-cap_set-cpvc_params-cpvc_ST-cpvc_params-cap_set-end,2
launch-cap_set-create-cap_set-cpvc_AR-cap_set-cpvc_params-cap_set-cpvc_params-cap_set-cpvc_params,2
launch-cap_set-cpvc_params-cap_set-cpvc_PY-cpvc_params-cap_set-end,2
launch-cpvc_params-cap_set-create-cap_set-cpvc_params-end,2
launch-cap_set-cpvc_PZ-end,2
launch-cpvc_params-cap_set-cpvc_params-cap_set-cpvc_ST-cap_set-cpvc_params-cap_set-cpvc_params-cap_set,2
launch-create-cpvc_AR-cpvc_params-cap_set-cpvc_params-cap_set-create-cap_set-create-cap_set,2
launch-cpvc_params-cpvc_ST-cap_set-cpvc_params-cap_set-cpvc_params-cap_set-cpvc_params-cap_set-cpvc_params,2
launch-cap_set-cpvc_params-cap_set-cpvc_params-cap_set-cpvc_AR-cap_set-cpvc_params-cap_set-cpvc_params,2
launch-cpvc_EV-cap_set-end,2
launch-cpvc_ST-cpvc_params-end,2
launch-cpvc_AR-cpvc_params-cap_set-cpvc_AR-cap_set-end,2
launch-create-cap_set-cpvc_params-cap_set-create-end,2
launch-cap_set-cpvc_params-cap_set-cpvc_params-cap_set-create-cap_set-cpvc_params-cap_set-cpvc_params,2
launch-cpvc_params-cap_set-cpvc_params-cap_set-cpvc_AR-cap_set-end,2
launch-cpvc_AR-cpvc_params-cap_set-cpvc_params-cap_set-cpvc_params-cap_set-cpvc_AR-cpvc_params-cap_set,2
launch-cap_set-create-cap_set-cpvc_params-cap_set-cpvc_params-cap_set-cpvc_params-cap_set-cpvc_params,2
launch-cpvc_ST-cpvc_PZ-end,2
launch-cap_set-cpvc_ST-end,2
launch-cap_set-cpvc_params-cap_set-cpvc_ST-cpvc_params-end,2
launch-cpvc_params-cap_set-cpvc_AR-cap_set-cpvc_params-cap_set-cpvc_AR-cpvc_params-cap_set-cpvc_params,2
launch-cap_set-cpvc_PZ-cpvc_params-end,2
launch-cpvc_AR-cap_set-cpvc_params-cap_set-create-cpvc_params-cap_set-end,2
launch-fmr_edit-cap_set-fmr_edit-end,2
launch-cap_set-cpvc_params-cap_set-cpvc_PZ-end,2
launch-cap_set-cpvc_EM-cap_set-cpvc_params-end,2
launch-cpvc_params-cap_set-cpvc_params-cpvc_PZ-cap_set-end,2
launch-cap_set-cpvc_params-cap_set-cpvc_AR-cpvc_params-end,2
launch-cap_set-cpvc_params-create-cpvc_params-cap_set-end,2
launch-create-cpvc_params-cap_set-end,2
launch-cpvc_ST-cpvc_IO-cpvc_ST-end,2
launch-cap_set-cpvc_params-cap_set-cpvc_AR-cap_set-cpvc_params-cap_set-cpvc_params-cap_set-cpvc_AR,2
launch-cpvc_EM-cpvc_IO-end,2
launch-cpvc_ST-cpvc_AT-end,2
launch-cap_set-cpvc_params-cpvc_PY-cpvc_params-cap_set-end,2
launch-cap_set-create-cpvc_params-cap_set-end,2
launch-create-cap_set-cpvc_params-cap_set-cpvc_params-end,2
launch-cap_set-cpvc_params-cap_set-cpvc_params-cap_set-cpvc_ST-cpvc_params-cap_set-cpvc_params-cap_set,2
launch-cap_set-create-cap_set-create-cap_set-cpvc_params-cap_set-cpvc_AR-cpvc_params-cap_set,2
launch-cpvc_PZ-cap_set-cpvc_params-end,2
launch-cap_set-cpvc_AR-cpvc_params-cap_set-cpvc_AR-cap_set-cpvc_params-cap_set-cpvc_params-cap_set,2
launch-cap_set-create-cpvc_params-cap_set-cpvc_params-cap_set-cpvc_params-cap_set-cpvc_params-cap_set,2
launch-cap_set-cpvc_params-cap_set-create-end,2
launch-cap_set-cpvc_ST-cap_set-cpvc_params-cpvc_ST-cpvc_params-end,2
launch-cpvc_params-cap_set-cpvc_params-cap_set-create-cap_set-cpvc_params-cap_set-end,2
launch-cap_set-create-cpvc_params-cap_set-cpvc_params-cap_set-cpvc_AR-end,2
launch-cpvc_params-cap_set-cpvc_params-cpvc_PY-end,2
launch-cap_set-cpvc_ST-cap_set-cpvc_params-end,2
launch-cap_set-cpvc_params-cap_set-cpvc_params-cpvc_AR-cap_set-end,2
launch-cpvc_AR-cpvc_params-cap_set-cpvc_params-cap_set-end,2
launch-cap_set-cpvc_params-cap_set-cpvc_params-cap_set-cpvc_AR-cap_set-cpvc_params-cpvc_AR-cpvc_params,2
launch-cap_set-cpvc_params-cap_set-cpvc_AR-cap_set-end,2
launch-cap_set-cpvc_params-cap_set-cpvc_params-cap_set-create-end,2
launch-cap_set-cpvc_AR-cpvc_params-cap_set-cpvc_params-cap_set-cpvc_params-cap_set-cpvc_params-cap_set,2
launch-cpvc_params-cap_set-create-cpvc_params-cap_set-end,2
launch-cap_set-cpvc_params-cap_set-cpvc_params-cpvc_AR-end,2
launch-cpvc_params-cap_set-cpvc_ST-cpvc_params-cap_set-cpvc_params-cap_set-end,2
launch-fmr_edit-create-end,2
launch-cpvc_params-cpvc_ST-cpvc_params-cpvc_ST-end,2
launch-cpvc_ST-cpvc_EM-cpvc_ST-end,2
launch-cap_set-cpvc_params-cap_set-cpvc_params-cap_set-cpvc_AR-cap_set-cpvc_params-cap_set-end,2
launch-cap_set-cpvc_params-cpvc_PY-end,2
launch-cap_set-cpvc_params-create-cap_set-end,2
launch-cap_set-create-cpvc_params-cpvc_AR-cap_set-end,2
launch-cpvc_PZ-cpvc_ST-cpvc_PZ-cpvc_ST-cpvc_PZ-cpvc_ST-cpvc_PZ-cpvc_ST-cpvc_PZ-cpvc_ST,2
launch-cpvc_AR-cap_set-cpvc_AR-cap_set-cpvc_params-cap_set-cpvc_params-cap_set-cpvc_params-cap_set,2
launch-cpvc_PZ-cpvc_ST-end,2
launch-cap_set-cpvc_params-create-cap_set-cpvc_params-cap_set-cpvc_params-cap_set-cpvc_params-cap_set,2
launch-cpvc_params-cap_set-create-cap_set-cpvc_params-cap_set-cpvc_params-cap_set-cpvc_params-cap_set,2
launch-cpvc_params-cap_set-cpvc_params-cap_set-cpvc_params-cap_set-cpvc_params-cap_set-create-cap_set,2
launch-cap_set-cpvc_AR-cap_set-cpvc_params-end,2
