launch-Add_BP-Crea-end,93
launch-Crea-Add_BP-end,88
launch-Publ-Crea-end,66
launch-Crea-Publ-end,62
launch-Publ-Crea-Publ-end,44
launch-Add_BP-Crea-Add_BP-end,42
launch-Crea-Edit_BPW-end,39
launch-Edit_BPW-Crea-end,37
launch-Align-Publ-Align-end,23
launch-Publ-Align-end,22
launch-Align-Crea-end,19
launch-Publ-Align-Publ-end,19
launch-Align-Crea-Align-end,19
launch-Crea-Align-end,19
launch-SmartP-Crea-end,18
launch-Crea-SmartP-end,16
launch-SmartP-Crea-SmartP-end,16
launch-Edit_BPW-Crea-Edit_BPW-end,16
launch-Align-Publ-end,13
launch-Del_BP-Add_BP-end,13
launch-Publ-SmartP-end,12
launch-Align-SmartP-Align-end,12
launch-Align-SmartP-end,11
launch-Edit_BPW-Add_BP-end,9
launch-Align-SmartP-Align-SmartP-Align-end,9
launch-Align-Publ-Align-Publ-end,9
launch-Align-Publ-Align-Publ-Align-end,9
launch-SmartP-Align-end,9
launch-SmartP-Publ-end,8
launch-Crea-Add_BP-Crea-end,7
launch-Publ-Edit_BPW-end,7
launch-SmartP-Publ-SmartP-end,7
launch-Add_BP-Del_BP-end,7
launch-Crea-Add_BP-Edit_BPW-end,7
launch-Publ-Edit_BPW-Publ-end,7
launch-Crea-Edit_BPW-Add_BP-end,6
launch-Crea-Publ-Crea-end,6
launch-Publ-Add_BP-end,6
launch-SmartP-Align-SmartP-end,6
launch-Publ-Align-Publ-Align-Publ-end,6
launch-Edit_SH-Crea-end,5
launch-Crea-Edit_DH-Add_BP-end,5
launch-Add_BP-Edit_BPW-end,5
launch-Edit_BPW-Publ-Edit_BPW-end,5
launch-Publ-SmartP-Publ-end,5
launch-Edit_DH-Add_BP-end,5
launch-Edit_BPW-Crea-Add_BP-end,4
launch-SmartP-Align-SmartP-Align-SmartP-end,4
launch-Edit_DH-Crea-end,4
launch-Edit_BPW-Add_BP-Crea-Add_BP-end,4
launch-Publ-SmartP-Publ-SmartP-Publ-end,4
launch-Align-SmartP-Align-SmartP-end,4
launch-Edit_DH-Add_BP-Crea-Add_BP-end,4
launch-Crea-Edit_BPW-Crea-end,4
launch-Edit_BPW-SmartP-end,4
launch-Edit_DH-Add_BP-Crea-end,4
launch-Edit_BPW-Crea-Add_BP-Edit_BPW-end,4
launch-Edit_BPW-Publ-end,4
launch-Crea-Add_BP-Crea-Add_BP-end,4
launch-Align-Publ-Align-Publ-Align-Publ-Align-Publ-Align-Publ,4
launch-Crea-Edit_SH-end,4
launch-Edit_BPW-Crea-Publ-end,4
launch-Publ-Align-Publ-Align-Publ-Align-Publ-Align-Publ-Align,4
launch-Add_BP-Crea-Edit_DH-end,4
launch-Add_BP-Edit_DH-Add_BP-Crea-end,4
launch-Align-Crea-SmartP-end,4
launch-Publ-Crea-Publ-Crea-Publ-end,4
launch-Add_BP-Publ-end,4
launch-SmartP-Crea-Publ-end,4
launch-Add_BP-Edit_BPW-Add_BP-Crea-end,3
launch-Crea-Align-Crea-end,3
launch-SmartP-Publ-SmartP-Publ-end,3
launch-Del_BP-Crea-Add_BP-end,3
launch-Add_BP-Crea-Edit_DH-Add_BP-end,3
launch-Add_BP-SmartP-Add_BP-Crea-end,3
launch-Edit_DH-Edit_BPW-Add_BP-Crea-end,3
launch-Add_BP-Crea-Add_BP-Crea-Add_BP-end,3
launch-Add_BP-Crea-Add_BP-Publ-end,3
launch-Publ-SmartP-Publ-SmartP-end,3
launch-Add_BP-Crea-Add_BP-Crea-end,3
launch-Publ-Align-Publ-Align-end,3
launch-Add_BP-Publ-Crea-end,3
launch-Publ-Crea-Publ-Crea-end,3
launch-Align-SmartP-Align-SmartP-Align-SmartP-end,3
launch-Add_BP-Del_BP-Add_BP-Del_BP-end,3
launch-Add_BP-Edit_BPW-Crea-Edit_BPW-end,3
launch-Edit_BPW-Align-end,3
launch-Add_BP-Crea-Add_BP-Edit_DH-end,3
launch-Add_BP-Edit_DH-Crea-end,3
launch-Edit_BPW-Publ-Crea-end,3
launch-Align-Edit_BPW-Align-Crea-Align-end,2
launch-Add_BP-Edit_DH-Add_BP-Edit_DH-Crea-end,2
launch-Edit_BPW-Crea-Edit_SH-Edit_BPW-end,2
launch-SmartP-Edit_BPW-end,2
launch-SmartP-Crea-SmartP-Crea-end,2
launch-Crea-SmartP-Align-end,2
launch-Add_BP-Edit_BPW-Crea-Add_BP-end,2
launch-Align-Publ-Align-Publ-Align-Publ-Align-end,2
launch-Crea-Align-SmartP-Publ-end,2
launch-Publ-SmartP-Crea-end,2
launch-Align-Publ-Align-Publ-Align-Publ-Align-Publ-Align-end,2
launch-Align-Publ-SmartP-end,2
launch-Crea-Add_BP-Edit_BPW-Add_BP-end,2
launch-Add_BP-Crea-Del_BP-Add_BP-end,2
launch-Publ-Crea-Add_BP-Publ-end,2
launch-Publ-Edit_SH-Publ-Edit_SH-end,2
launch-Del_BP-Add_BP-Del_BP-end,2
launch-SmartP-Align-SmartP-Edit_BPW-Align-end,2
launch-Publ-SmartP-Publ-Crea-Publ-end,2
launch-Edit_BPW-Crea-Align-end,2
launch-Align-Edit_SH-end,2
launch-Edit_DH-Crea-Add_BP-end,2
launch-Edit_BPW-SmartP-Edit_BPW-end,2
launch-Add_BP-Crea-SmartP-end,2
launch-Edit_DH-Add_BP-Crea-Edit_DH-end,2
launch-Publ-Crea-Add_BP-Crea-end,2
launch-Crea-SmartP-Crea-end,2
launch-Add_BP-Align-end,2
launch-Crea-Edit_BPW-Add_BP-Edit_DH-end,2
launch-Crea-Publ-Edit_BPW-Publ-end,2
launch-SmartP-Align-SmartP-Align-SmartP-Align-end,2
launch-Publ-SmartP-Publ-SmartP-Publ-SmartP-end,2
launch-Edit_BPW-Align-Edit_BPW-Crea-end,2
launch-Publ-Edit_DH-Publ-Edit_DH-Publ-end,2
launch-Add_BP-Edit_BPW-Crea-end,2
launch-Crea-Add_BP-Crea-Publ-end,2
launch-Align-Add_BP-Align-end,2
launch-Edit_DH-Crea-Add_BP-Edit_DH-end,2
launch-Align-Crea-Align-Add_BP-Align-end,2
launch-Crea-Align-Add_BP-end,2
launch-Crea-Add_BP-Del_BP-end,2
launch-Del_BP-Add_BP-Crea-end,2
launch-Add_BP-Crea-Publ-end,2
launch-Add_BP-Publ-Add_BP-end,2
launch-Align-SmartP-Align-SmartP-Align-SmartP-Align-SmartP-Align-SmartP,2
launch-Publ-Edit_BPW-Publ-Edit_BPW-Publ-end,2
launch-Del_BP-Publ-end,2
launch-Publ-Edit_BPW-Publ-Edit_BPW-end,2
launch-Align-Crea-Align-Crea-end,2
launch-Crea-Add_BP-Edit_DH-end,2
launch-Publ-Edit_SH-Publ-end,2
launch-SmartP-Crea-SmartP-Align-end,2
launch-SmartP-Align-SmartP-Align-end,2
launch-Add_BP-Del_BP-Add_BP-end,2
launch-Crea-Publ-Crea-SmartP-Publ-end,2
launch-Crea-Del_BP-Add_BP-end,2
launch-Align-Publ-Align-Publ-Align-Publ-Align-Publ-end,2
launch-Edit_BPW-Crea-SmartP-end,2
launch-Publ-Crea-Add_BP-end,2
launch-Edit_SH-Crea-Edit_SH-end,2
launch-Add_BP-Crea-Add_BP-SmartP-end,1
launch-Publ-Align-Publ-Align-Publ-Crea-Align-Publ-Align-Publ,1
launch-Edit_SH-Publ-Edit_SH-Publ-Edit_SH-Edit_BPW-Edit_SH-Publ-Edit_SH-Edit_BPW,1
launch-Crea-Add_BP-Crea-Add_BP-Crea-end,1
launch-Publ-Edit_BPW-Publ-Align-Publ-Align-Publ-Align-Publ-end,1
launch-Edit_BPW-Crea-Edit_DH-Edit_SH-end,1
launch-Publ-Align-Publ-Align-Publ-Align-end,1
launch-Crea-Edit_DH-Edit_BPW-Add_BP-Edit_DH-end,1
launch-Publ-SmartP-Publ-SmartP-Publ-SmartP-Publ-SmartP-Publ-SmartP,1
launch-Crea-Edit_SH-Edit_DH-Edit_BPN-Edit_BPW-Add_BP-Edit_DH-Edit_SH-Edit_DH-end,1
launch-Edit_DH-Edit_BPW-end,1
launch-Publ-Crea-Publ-SmartP-Publ-SmartP-Publ-SmartP-Publ-end,1
launch-SmartP-Del_BP-Edit_BPW-SmartP-Crea-Add_BP-end,1
launch-SmartP-Crea-SmartP-Align-Edit_BPW-Align-SmartP-end,1
launch-SmartP-Crea-Align-SmartP-end,1
launch-Edit_DH-Edit_SH-Edit_DH-Edit_SH-Edit_DH-Add_BP-end,1
launch-Add_BP-Edit_DH-Del_BP-Edit_DH-Crea-Add_BP-Del_BP-end,1
launch-Publ-Align-Add_BP-Crea-SmartP-Publ-Align-Publ-Align-Publ,1
launch-Add_BP-Edit_BPW-Add_BP-Edit_BPN-Edit_BPW-Edit_BPN-Crea-end,1
launch-Align-SmartP-Publ-Align-end,1
launch-Edit_BPW-Add_BP-Edit_BPW-Publ-Edit_BPW-Add_BP-end,1
launch-Edit_SH-Edit_DH-end,1
launch-Edit_DH-Publ-SmartP-Crea-Edit_DH-Del_BP-Edit_DH-Add_BP-Edit_DH-Edit_BPW,1
launch-SmartP-Edit_BPW-SmartP-Edit_BPW-Edit_DH-SmartP-Edit_BPW-SmartP-Edit_BPW-Edit_DH,1
launch-Add_BP-Crea-Add_BP-Crea-Publ-Add_BP-Crea-Add_BP-end,1
launch-SmartP-Del_BP-Edit_BPW-end,1
launch-Edit_BPW-Align-Publ-Align-Publ-Align-end,1
launch-Edit_SH-Edit_DH-Crea-Edit_DH-Edit_BPW-Edit_SH-Edit_BPN-Add_BP-Edit_SH-end,1
launch-Publ-Align-SmartP-Publ-Align-Publ-end,1
launch-Add_BP-Crea-Align-Edit_BPW-Align-end,1
launch-Edit_BPW-Crea-Add_BP-Crea-Edit_BPW-Add_BP-Edit_BPW-end,1
launch-Edit_BPW-Add_BP-SmartP-Add_BP-Crea-end,1
launch-Edit_SH-Align-Edit_SH-Align-Edit_SH-Publ-Edit_SH-Publ-Edit_SH-Publ,1
launch-SmartP-Add_BP-Publ-SmartP-Add_BP-SmartP-Crea-Publ-SmartP-end,1
launch-Align-Publ-Align-Crea-end,1
launch-SmartP-Add_BP-end,1
launch-Crea-Add_BP-Edit_BPW-Edit_DH-Edit_BPW-end,1
launch-Edit_SH-Edit_DH-Edit_SH-Publ-Edit_SH-Edit_DH-Publ-SmartP-Publ-Edit_DH,1
launch-Align-Publ-Align-SmartP-Crea-Align-end,1
launch-Edit_BPW-Edit_SH-Edit_BPW-Edit_SH-Edit_BPW-Edit_SH-Crea-end,1
launch-Add_BP-Crea-Del_BP-end,1
launch-Publ-Crea-Align-Publ-Crea-Align-end,1
launch-SmartP-Align-SmartP-Align-SmartP-Align-Edit_BPW-Align-SmartP-Align,1
launch-Add_BP-Publ-Add_BP-Crea-end,1
launch-Publ-Edit_SH-Publ-Crea-Publ-end,1
launch-Crea-Align-SmartP-Align-Publ-Align-Publ-Align-Publ-Align,1
launch-SmartP-Crea-Add_BP-Edit_SH-SmartP-end,1
launch-Align-Edit_DH-Publ-Add_BP-Publ-Add_BP-Publ-end,1
launch-Crea-Publ-Edit_BPW-end,1
launch-Publ-Edit_BPW-Add_BP-Edit_DH-end,1
launch-Edit_BPW-Add_BP-Publ-end,1
launch-Crea-Edit_BPW-Crea-Edit_BPW-end,1
launch-Edit_SH-Edit_BPW-Edit_DH-Edit_BPW-Crea-SmartP-Add_BP-Crea-Add_BP-Edit_SH,1
launch-Crea-Publ-Crea-Publ-Align-Crea-end,1
launch-Align-Publ-Edit_BPW-Publ-Align-Edit_BPW-Align-Edit_BPW-Align-Edit_BPW,1
launch-Align-Crea-Add_BP-Align-SmartP-Align-end,1
launch-Edit_SH-SmartP-Edit_BPW-Edit_DH-Edit_BPW-SmartP-Edit_SH-Edit_BPW-Publ-Edit_BPW,1
launch-Edit_BPW-Crea-Edit_BPW-Edit_DH-Edit_BPW-Crea-Edit_BPW-Crea-Publ-end,1
launch-Publ-Crea-Publ-Del_BP-Publ-Crea-Publ-Add_BP-Publ-end,1
launch-Edit_BPW-Add_BP-Crea-Publ-Crea-Edit_BPW-Publ-Crea-Edit_BPW-Add_BP,1
launch-SmartP-Crea-SmartP-Publ-end,1
launch-Crea-Add_BP-Edit_BPW-Edit_DH-end,1
launch-Edit_BPW-Edit_DH-Edit_BPW-Add_BP-Edit_BPW-end,1
launch-Add_BP-SmartP-Add_BP-SmartP-Add_BP-Del_BP-SmartP-Edit_BPW-Crea-Edit_BPW,1
launch-Edit_DH-Add_BP-Align-Add_BP-Del_BP-Crea-end,1
launch-SmartP-Add_BP-Crea-Add_BP-end,1
launch-Edit_DH-Align-Edit_DH-Align-SmartP-Edit_DH-SmartP-Edit_DH-SmartP-Align,1
launch-Align-SmartP-Align-SmartP-Publ-Align-Add_BP-SmartP-end,1
launch-Publ-Align-Publ-Align-Crea-Align-Publ-end,1
launch-Align-SmartP-Crea-Align-SmartP-end,1
launch-Publ-Add_BP-Publ-Crea-Publ-Crea-end,1
launch-Edit_DH-Add_BP-Edit_DH-Crea-Edit_DH-end,1
launch-Crea-Align-Edit_BPW-Align-Crea-Align-end,1
launch-Publ-Align-Publ-SmartP-end,1
launch-Edit_BPW-Edit_DH-Crea-end,1
launch-SmartP-Align-SmartP-Align-Publ-SmartP-Align-end,1
launch-SmartP-Publ-SmartP-Publ-SmartP-Align-Edit_BPW-Align-SmartP-Add_BP,1
launch-Publ-SmartP-Publ-Crea-SmartP-Edit_DH-Publ-SmartP-Publ-Add_BP,1
launch-Align-Edit_BPW-Edit_DH-Edit_SH-Edit_BPW-Add_BP-Edit_DH-Add_BP-Crea-Edit_DH,1
launch-Align-Add_BP-Crea-Edit_BPW-Align-Crea-Align-end,1
launch-Publ-Add_BP-Crea-Edit_BPW-Add_BP-end,1
launch-Edit_DH-Edit_BPW-Edit_DH-Crea-SmartP-Edit_DH-Publ-Crea-end,1
launch-Add_BP-SmartP-Publ-Crea-Align-Add_BP-Align-Del_BP-Align-SmartP,1
launch-Edit_DH-Edit_BPW-Edit_DH-Edit_BPW-Crea-end,1
launch-Crea-Publ-Edit_DH-Add_BP-Crea-end,1
launch-Publ-SmartP-Publ-Align-SmartP-Publ-end,1
launch-Edit_DH-Add_BP-Crea-Add_BP-Publ-Align-Publ-end,1
launch-SmartP-Crea-Add_BP-Crea-SmartP-Crea-end,1
launch-Add_BP-Edit_BPW-Align-Add_BP-Crea-SmartP-Crea-Align-Publ-Align,1
launch-Publ-Edit_BPW-Publ-Edit_BPW-Add_BP-end,1
launch-SmartP-Crea-Align-SmartP-Align-SmartP-Align-end,1
launch-Publ-Align-Publ-Align-Publ-Del_BP-Add_BP-Align-Publ-Align,1
launch-Align-Del_BP-Add_BP-Publ-end,1
launch-Publ-Align-Crea-Publ-end,1
launch-Add_BP-Edit_BPW-Add_BP-Edit_BPW-Crea-end,1
launch-Edit_BPW-Publ-Align-Edit_BPW-Edit_BPN-Add_BP-SmartP-Align-Edit_BPW-Edit_BPN,1
launch-Align-SmartP-Align-SmartP-Align-Crea-Align-end,1
launch-Add_BP-SmartP-Align-Add_BP-SmartP-Align-Edit_DH-SmartP-Align-Add_BP,1
launch-SmartP-Edit_SH-SmartP-end,1
launch-Add_BP-Align-Edit_BPW-Align-Edit_DH-Edit_BPW-Align-Crea-Align-Edit_BPW,1
launch-Align-Add_BP-Crea-Add_BP-end,1
launch-Edit_BPW-Crea-Publ-Add_BP-Publ-Align-Publ-end,1
launch-Publ-Add_BP-Publ-Add_BP-Edit_DH-Publ-end,1
launch-SmartP-Add_BP-Del_BP-Crea-Publ-Edit_DH-end,1
launch-Crea-Edit_SH-Align-Edit_SH-Align-Edit_SH-Align-end,1
launch-Align-Crea-Add_BP-Edit_DH-Align-Crea-Edit_DH-Add_BP-end,1
launch-SmartP-Publ-SmartP-Publ-Align-SmartP-Edit_SH-Align-Edit_DH-Publ,1
launch-Align-Crea-Add_BP-Align-Add_BP-Align-Publ-Align-SmartP-Align,1
launch-Align-Add_BP-Crea-Add_BP-Align-SmartP-end,1
launch-Crea-Align-SmartP-Align-Publ-end,1
launch-Add_BP-Edit_BPW-Add_BP-Crea-Add_BP-Edit_BPN-Add_BP-Edit_BPN-Align-Crea,1
launch-Crea-Add_BP-Crea-Add_BP-Crea-Add_BP-Crea-end,1
launch-Edit_BPW-Align-Publ-Align-end,1
launch-Align-Crea-Align-Crea-Align-end,1
launch-Crea-SmartP-Publ-Add_BP-Publ-Align-end,1
launch-Publ-Add_BP-Publ-Del_BP-Publ-end,1
launch-Add_BP-Edit_BPW-Add_BP-Crea-Edit_BPW-Crea-end,1
launch-Edit_DH-Edit_BPW-Add_BP-Crea-Add_BP-Edit_SH-Edit_BPW-Edit_SH-end,1
launch-Crea-SmartP-Edit_DH-Add_BP-Edit_DH-end,1
launch-SmartP-Del_BP-Edit_BPW-SmartP-Crea-Del_BP-Add_BP-SmartP-Edit_BPW-Crea,1
launch-Crea-Add_BP-Edit_BPW-Add_BP-Edit_DH-end,1
launch-Edit_SH-Edit_DH-Edit_SH-Edit_DH-Edit_SH-Edit_DH-Add_BP-Edit_DH-Edit_BPW-Edit_DH,1
launch-Align-Crea-Add_BP-end,1
launch-Edit_DH-SmartP-Add_BP-Crea-end,1
launch-Crea-SmartP-Crea-SmartP-Crea-end,1
launch-Publ-Edit_BPW-Publ-Crea-Edit_BPW-Edit_DH-end,1
launch-Edit_SH-SmartP-end,1
launch-Edit_SH-Publ-Edit_SH-Publ-Edit_SH-Align-Edit_SH-end,1
launch-Crea-Add_BP-Edit_BPW-SmartP-Edit_DH-SmartP-Edit_DH-Edit_BPW-end,1
launch-Add_BP-Crea-Add_BP-Edit_BPW-end,1
launch-Publ-Edit_BPW-Publ-SmartP-Crea-Edit_BPW-Edit_DH-Publ-end,1
launch-Del_BP-Edit_SH-Crea-Del_BP-Edit_SH-Add_BP-end,1
launch-Align-Add_BP-Crea-Align-end,1
launch-Edit_BPW-Add_BP-Crea-Edit_BPW-SmartP-end,1
launch-Edit_BPW-Align-Crea-Align-Edit_SH-Edit_DH-end,1
launch-Edit_BPW-SmartP-Publ-end,1
launch-Add_BP-Del_BP-SmartP-Align-Crea-Publ-Crea-end,1
launch-Edit_BPW-SmartP-Edit_BPW-SmartP-Edit_BPW-end,1
launch-Align-Del_BP-Add_BP-Align-Publ-Align-end,1
launch-Publ-Edit_SH-Add_BP-Edit_SH-Crea-Edit_SH-Edit_DH-Edit_SH-end,1
launch-Publ-Align-SmartP-Align-end,1
launch-Edit_SH-Align-Edit_DH-Edit_SH-Publ-Edit_DH-Publ-Align-end,1
launch-Edit_BPW-Edit_DH-Edit_BPW-Add_BP-Crea-Edit_BPW-end,1
launch-Crea-Align-SmartP-Align-Crea-Align-Crea-end,1
launch-Align-Crea-SmartP-Crea-SmartP-end,1
launch-Add_BP-Crea-SmartP-Add_BP-end,1
launch-Edit_SH-Align-Add_BP-Crea-SmartP-Edit_SH-Edit_BPW-end,1
launch-SmartP-Add_BP-Crea-Edit_DH-SmartP-end,1
launch-Crea-Edit_DH-Add_BP-SmartP-Edit_DH-Add_BP-end,1
launch-Align-Publ-Edit_SH-SmartP-Edit_SH-Publ-end,1
launch-Edit_DH-Add_BP-Align-Add_BP-Edit_SH-end,1
launch-Edit_BPW-Crea-Edit_BPW-Add_BP-end,1
launch-Align-Publ-Align-Publ-Align-Publ-Crea-Align-end,1
launch-Edit_DH-Add_BP-Align-SmartP-Add_BP-Edit_DH-Align-SmartP-Edit_DH-SmartP,1
launch-Align-SmartP-Align-SmartP-Align-SmartP-Align-end,1
launch-Edit_BPW-Add_BP-Align-Add_BP-Align-end,1
launch-Edit_DH-Add_BP-Edit_DH-Add_BP-Crea-Edit_DH-end,1
launch-Align-Edit_DH-Align-Crea-Add_BP-Del_BP-end,1
launch-Crea-Add_BP-Edit_BPW-Add_BP-Crea-Edit_DH-Crea-Edit_DH-Add_BP-end,1
launch-Align-Edit_BPW-Align-SmartP-Align-end,1
launch-Crea-Edit_BPW-Align-end,1
launch-Add_BP-Edit_DH-Crea-Del_BP-Edit_BPW-Add_BP-Del_BP-end,1
launch-Crea-Edit_DH-Crea-Edit_DH-Edit_SH-Edit_DH-end,1
launch-Crea-Del_BP-Align-Add_BP-end,1
launch-Align-Add_BP-Align-Add_BP-Align-SmartP-Align-Publ-SmartP-Align,1
launch-Crea-SmartP-Edit_BPW-end,1
launch-Align-Del_BP-Align-Del_BP-Align-end,1
launch-Edit_BPW-Align-Edit_BPW-Align-Edit_BPW-Align-Crea-Align-Edit_BPW-Align,1
launch-Crea-SmartP-Edit_BPW-Add_BP-Edit_BPW-SmartP-Edit_BPW-Publ-SmartP-Crea,1
launch-SmartP-Edit_SH-SmartP-Edit_SH-SmartP-Edit_SH-SmartP-end,1
launch-Publ-Crea-Publ-Add_BP-Publ-Add_BP-Publ-end,1
launch-Edit_DH-Del_BP-Crea-Add_BP-Del_BP-Add_BP-SmartP-end,1
launch-Edit_SH-Publ-Edit_SH-Edit_BPW-Crea-Edit_SH-end,1
launch-Edit_BPW-Crea-Edit_BPW-Publ-end,1
launch-SmartP-Align-SmartP-Align-SmartP-Align-SmartP-end,1
launch-Edit_BPW-Publ-Edit_BPW-Align-end,1
launch-Align-Add_BP-Crea-Add_BP-SmartP-Edit_DH-Align-Edit_BPW-end,1
launch-Edit_SH-Align-Edit_SH-end,1
launch-SmartP-Publ-Align-end,1
launch-Add_BP-Align-Crea-Del_BP-Add_BP-Del_BP-end,1
launch-Edit_SH-Publ-SmartP-Edit_SH-Align-SmartP-end,1
launch-Edit_SH-Align-end,1
launch-SmartP-Align-SmartP-Edit_BPW-Publ-SmartP-Edit_DH-Align-SmartP-Add_BP,1
launch-Align-Add_BP-Align-Add_BP-end,1
launch-SmartP-Crea-SmartP-Add_BP-end,1
launch-Add_BP-Crea-Add_BP-Del_BP-end,1
launch-Align-Edit_DH-SmartP-Add_BP-Crea-Add_BP-Crea-Edit_BPW-Align-end,1
launch-Crea-Edit_BPW-Del_BP-Edit_BPW-Add_BP-Edit_BPW-Add_BP-Edit_BPN-Edit_BPW-end,1
launch-Crea-Edit_BPW-Publ-Add_BP-end,1
launch-Add_BP-Crea-Add_BP-Crea-Edit_BPW-Add_BP-end,1
launch-Edit_BPW-Publ-Edit_BPW-Crea-Publ-Add_BP-end,1
launch-SmartP-Add_BP-SmartP-Crea-end,1
launch-Edit_DH-Crea-Add_BP-Edit_DH-Publ-Crea-Edit_BPW-Edit_DH-Edit_BPW-Edit_SH,1
launch-SmartP-Crea-Add_BP-SmartP-Del_BP-end,1
launch-Publ-Crea-Publ-Edit_DH-Add_BP-end,1
launch-Align-Crea-Add_BP-Align-end,1
launch-Align-Publ-Align-Publ-Add_BP-Publ-end,1
launch-Del_BP-Align-Add_BP-Align-Publ-Align-Publ-Align-Publ-end,1
launch-Edit_SH-Publ-Crea-Edit_DH-Edit_BPW-Edit_SH-Edit_BPW-Publ-Edit_SH-Edit_BPW,1
launch-Publ-Crea-Edit_SH-Publ-end,1
launch-Publ-Align-Add_BP-Crea-Publ-Align-Crea-Edit_DH-Crea-SmartP,1
launch-SmartP-Add_BP-Crea-Add_BP-SmartP-end,1
launch-Add_BP-Crea-Edit_BPW-Align-Del_BP-Add_BP-Align-end,1
launch-SmartP-Add_BP-Crea-SmartP-Crea-Edit_DH-Add_BP-Edit_DH-SmartP-Add_BP,1
launch-Align-Add_BP-Align-Crea-Align-Del_BP-Align-SmartP-Align-end,1
launch-Edit_DH-Edit_SH-Edit_DH-Edit_SH-end,1
launch-Edit_BPW-SmartP-Edit_BPW-SmartP-Edit_BPW-Edit_SH-Edit_BPW-Edit_SH-Align-Edit_BPW,1
launch-Edit_DH-Edit_BPW-Crea-end,1
launch-Edit_DH-Crea-SmartP-Add_BP-end,1
launch-Align-Crea-SmartP-Crea-SmartP-Align-end,1
launch-Add_BP-Publ-Add_BP-Publ-Add_BP-Crea-Publ-Crea-Publ-Add_BP,1
launch-Add_BP-Crea-Add_BP-Publ-SmartP-Align-SmartP-Align-SmartP-end,1
launch-Crea-Edit_BPW-Align-Edit_BPN-Edit_BPW-SmartP-Align-Edit_BPN-end,1
launch-Edit_BPW-Align-Crea-Align-Add_BP-Align-Add_BP-Align-end,1
launch-Publ-Add_BP-Crea-Add_BP-end,1
launch-SmartP-Align-Edit_SH-Publ-SmartP-Edit_SH-Publ-Edit_SH-Publ-Edit_SH,1
launch-Add_BP-Del_BP-Crea-Add_BP-Del_BP-Add_BP-end,1
launch-Edit_BPN-Crea-Add_BP-Align-Edit_BPN-end,1
launch-Add_BP-Align-Crea-Publ-Align-SmartP-Publ-Align-Add_BP-Align,1
launch-Add_BP-Align-Crea-Align-Crea-Add_BP-end,1
launch-Edit_BPW-SmartP-Crea-SmartP-end,1
launch-Add_BP-Align-Crea-Add_BP-Align-end,1
launch-Publ-Edit_DH-Align-Publ-SmartP-Publ-Align-Publ-Align-Publ,1
launch-Publ-SmartP-Crea-SmartP-end,1
launch-Crea-Add_BP-Edit_DH-Add_BP-Edit_DH-end,1
launch-Edit_DH-Add_BP-Crea-Edit_DH-Publ-Add_BP-end,1
launch-Align-Publ-Align-Add_BP-Align-end,1
launch-Edit_BPW-Del_BP-Add_BP-Crea-Edit_BPW-end,1
launch-Edit_BPW-Crea-Edit_DH-Edit_BPW-Crea-Align-Edit_DH-SmartP-Edit_SH-SmartP,1
launch-Publ-Align-Add_BP-Align-Add_BP-Crea-Publ-Align-end,1
launch-Publ-Crea-Add_BP-Crea-Publ-Add_BP-Edit_BPW-end,1
launch-Align-Edit_DH-Add_BP-Align-Publ-end,1
launch-SmartP-Edit_BPW-SmartP-Crea-SmartP-Edit_BPW-Edit_DH-Edit_BPW-Add_BP-Edit_BPW,1
launch-Edit_BPW-Crea-Edit_BPW-Publ-Edit_BPW-end,1
launch-Edit_SH-Add_BP-SmartP-Edit_DH-Edit_SH-SmartP-Align-SmartP-Edit_DH-SmartP,1
launch-SmartP-Align-SmartP-Crea-Align-end,1
launch-SmartP-Crea-SmartP-Edit_BPW-Publ-end,1
launch-Add_BP-Crea-Publ-SmartP-Del_BP-SmartP-Edit_DH-end,1
launch-Edit_SH-SmartP-Publ-Edit_SH-Publ-Edit_SH-end,1
launch-SmartP-Edit_SH-end,1
launch-Edit_DH-Edit_BPW-Edit_SH-Crea-Edit_BPW-end,1
launch-Add_BP-Publ-Edit_DH-Add_BP-Crea-end,1
launch-Publ-Align-Publ-Align-Publ-Align-Publ-end,1
launch-Edit_SH-Edit_BPW-Publ-Edit_SH-Add_BP-Edit_SH-Crea-Publ-end,1
launch-Edit_SH-Edit_DH-Edit_BPW-Del_BP-Add_BP-Edit_DH-SmartP-end,1
launch-Edit_BPW-Edit_DH-Edit_BPW-SmartP-Edit_DH-Edit_BPW-Edit_DH-Edit_BPW-Edit_DH-Edit_BPW,1
launch-Publ-SmartP-Crea-Edit_BPW-Align-Publ-Align-SmartP-Add_BP-end,1
launch-Del_BP-Add_BP-Crea-Del_BP-Add_BP-Del_BP-Add_BP-Del_BP-Add_BP-end,1
launch-Align-Add_BP-SmartP-Edit_BPW-SmartP-Add_BP-Crea-Edit_BPW-end,1
launch-Publ-SmartP-Publ-Crea-Publ-SmartP-Publ-SmartP-Align-Publ,1
launch-Add_BP-Edit_BPW-Edit_DH-Edit_BPW-Crea-Edit_BPW-Add_BP-Edit_BPW-end,1
launch-Crea-Edit_DH-Edit_BPW-Publ-Add_BP-Publ-end,1
launch-Publ-Edit_BPW-Publ-Crea-Publ-end,1
launch-Align-Publ-Edit_BPW-Align-Edit_BPW-SmartP-Align-Publ-end,1
launch-Align-SmartP-Publ-Align-SmartP-Publ-Align-end,1
launch-Edit_DH-Edit_SH-Edit_BPW-Crea-Edit_DH-Edit_SH-Edit_DH-end,1
launch-Crea-Add_BP-Edit_DH-Edit_BPW-Crea-Edit_SH-Edit_DH-Edit_SH-Edit_DH-Edit_SH,1
launch-Publ-Align-Publ-Edit_SH-Align-SmartP-Publ-SmartP-Publ-Edit_SH,1
launch-Add_BP-SmartP-Crea-Add_BP-end,1
launch-Publ-Align-Del_BP-Publ-Align-Publ-Align-Publ-Align-SmartP,1
launch-Crea-Add_BP-Publ-end,1
launch-Align-Crea-Align-Edit_BPW-Align-Crea-Align-Edit_BPW-Align-Edit_BPW,1
launch-SmartP-Edit_BPW-SmartP-end,1
launch-Publ-Edit_BPW-Publ-Edit_BPN-Edit_BPW-Edit_DH-Crea-Edit_DH-Edit_BPW-Edit_DH,1
launch-Crea-Edit_DH-Add_BP-Crea-Add_BP-Edit_DH-Add_BP-Edit_DH-end,1
launch-Crea-Edit_DH-Edit_BPW-Edit_DH-end,1
launch-Publ-Align-Publ-SmartP-Publ-SmartP-end,1
launch-Crea-Edit_BPW-Edit_SH-Edit_DH-Add_BP-Edit_SH-Edit_BPW-Crea-Edit_BPW-Edit_DH,1
launch-Publ-Crea-Publ-Add_BP-end,1
launch-Edit_SH-Publ-Edit_SH-Crea-SmartP-Edit_SH-Publ-end,1
launch-Align-Crea-Add_BP-SmartP-end,1
launch-Crea-Add_BP-Edit_SH-end,1
launch-Publ-Edit_SH-Publ-Edit_SH-Publ-Edit_SH-Publ-Edit_SH-Publ-Edit_SH,1
launch-Edit_BPW-Edit_DH-Add_BP-Crea-Add_BP-end,1
launch-Crea-Publ-Add_BP-end,1
launch-Crea-SmartP-Add_BP-SmartP-end,1
launch-Edit_BPW-Align-Publ-end,1
launch-Edit_DH-Del_BP-SmartP-Align-SmartP-Edit_SH-Edit_DH-Edit_SH-Add_BP-SmartP,1
launch-SmartP-Crea-SmartP-Add_BP-Del_BP-Edit_BPW-Crea-end,1
launch-Align-Edit_BPW-Align-Publ-Align-end,1
launch-SmartP-Align-SmartP-Align-SmartP-Align-SmartP-Align-end,1
launch-Del_BP-SmartP-Edit_DH-Add_BP-SmartP-Crea-Del_BP-Add_BP-end,1
launch-Add_BP-Publ-Del_BP-Publ-Add_BP-Publ-end,1
launch-Add_BP-Del_BP-Add_BP-Crea-Edit_DH-Add_BP-Edit_BPW-Del_BP-end,1
launch-Publ-Add_BP-Publ-Edit_SH-Publ-Del_BP-Publ-end,1
launch-Edit_BPW-SmartP-Publ-SmartP-end,1
launch-SmartP-Publ-Align-SmartP-Align-SmartP-Align-SmartP-Publ-SmartP,1
launch-Add_BP-Crea-Edit_BPW-end,1
launch-Edit_DH-Add_BP-Edit_DH-Add_BP-Edit_DH-Edit_BPW-Edit_DH-Crea-end,1
launch-Add_BP-Del_BP-Add_BP-Del_BP-Add_BP-Del_BP-Add_BP-Edit_DH-Add_BP-Del_BP,1
launch-Edit_BPW-Crea-Edit_SH-Edit_DH-SmartP-end,1
launch-Edit_SH-Edit_BPW-SmartP-Add_BP-Edit_BPW-Crea-Edit_BPW-Crea-SmartP-Edit_BPW,1
launch-Add_BP-Edit_SH-SmartP-Add_BP-Edit_SH-end,1
launch-Add_BP-Del_BP-Add_BP-Del_BP-Crea-end,1
launch-Edit_BPW-SmartP-Align-Add_BP-Align-Del_BP-Crea-Add_BP-SmartP-Add_BP,1
launch-Edit_BPW-Edit_SH-end,1
launch-Add_BP-SmartP-Crea-Publ-Crea-end,1
launch-Publ-Align-SmartP-Publ-SmartP-Publ-end,1
launch-SmartP-Publ-Crea-SmartP-Publ-Add_BP-Edit_DH-SmartP-Add_BP-Align,1
launch-Align-Add_BP-Align-Crea-Align-Crea-Align-SmartP-Align-SmartP,1
launch-Crea-Align-Del_BP-Align-Add_BP-Del_BP-Align-SmartP-Align-Add_BP,1
launch-Crea-Align-Add_BP-Edit_BPN-Add_BP-Crea-end,1
launch-Crea-Align-SmartP-Crea-SmartP-Publ-Align-end,1
launch-Edit_SH-Add_BP-SmartP-Edit_SH-SmartP-Add_BP-Edit_SH-Crea-end,1
launch-Crea-Add_BP-Edit_DH-Add_BP-Crea-Edit_DH-Crea-Add_BP-end,1
launch-Crea-Add_BP-Edit_BPW-Publ-Add_BP-end,1
launch-Edit_SH-Edit_DH-Edit_BPW-Edit_SH-Edit_DH-Edit_SH-Publ-Edit_SH-Edit_DH-Publ,1
launch-Edit_BPW-Align-Edit_BPW-Align-Edit_BPW-Publ-Edit_BPW-end,1
launch-Edit_BPW-Add_BP-Crea-Publ-Add_BP-Align-end,1
launch-SmartP-Edit_SH-SmartP-Crea-Publ-Edit_SH-SmartP-Edit_SH-SmartP-Align,1
launch-Publ-Crea-SmartP-Publ-end,1
launch-Align-Crea-Publ-Align-end,1
launch-Publ-Add_BP-Publ-Edit_BPW-Edit_DH-Publ-Add_BP-Publ-end,1
launch-Align-SmartP-Align-Crea-Align-Crea-end,1
launch-Add_BP-Publ-Del_BP-Add_BP-Del_BP-Edit_DH-Del_BP-Publ-end,1
launch-Edit_BPW-Edit_DH-end,1
launch-Align-Edit_BPW-SmartP-Add_BP-SmartP-Crea-Edit_DH-Edit_BPW-Edit_SH-Edit_DH,1
launch-Align-Add_BP-Del_BP-Crea-end,1
launch-SmartP-Edit_BPW-Add_BP-Edit_DH-Add_BP-Del_BP-end,1
launch-Publ-Edit_SH-Crea-Edit_BPW-Edit_SH-SmartP-Align-end,1
launch-Edit_SH-Crea-Edit_SH-Add_BP-end,1
launch-Edit_BPW-Crea-Publ-SmartP-Publ-end,1
launch-SmartP-Crea-Add_BP-Edit_DH-SmartP-end,1
launch-Crea-Publ-Add_BP-Publ-SmartP-Publ-Crea-Publ-Add_BP-Publ,1
launch-Align-SmartP-Align-Edit_SH-Publ-Align-SmartP-Align-SmartP-Align,1
launch-Publ-Align-Publ-Edit_SH-Align-Crea-Align-Edit_BPW-Align-Add_BP,1
launch-Add_BP-Edit_BPW-Add_BP-Edit_BPW-end,1
launch-Add_BP-Edit_DH-Crea-Add_BP-end,1
launch-Publ-SmartP-Align-end,1
launch-Crea-Edit_BPW-Add_BP-Edit_BPW-Add_BP-end,1
launch-Align-Add_BP-Align-Add_BP-Align-Crea-end,1
launch-Publ-Edit_BPW-Publ-Edit_BPW-Publ-Edit_BPW-Edit_SH-Publ-Edit_BPW-Edit_SH,1
launch-Edit_BPW-Edit_SH-Edit_BPW-Align-Edit_BPW-Align-Publ-Edit_DH-Edit_BPW-Edit_DH,1
launch-Del_BP-Edit_BPW-Add_BP-Edit_BPW-end,1
launch-Publ-Edit_SH-Edit_DH-Edit_SH-Edit_DH-Publ-Edit_DH-Edit_SH-Edit_DH-Edit_SH,1
launch-Align-Edit_BPW-Del_BP-Add_BP-Align-Edit_BPW-Add_BP-Del_BP-Align-Edit_DH,1
launch-Crea-Align-SmartP-Add_BP-SmartP-Edit_BPW-SmartP-Edit_BPW-Add_BP-end,1
launch-Publ-Edit_SH-Crea-Add_BP-Crea-Align-end,1
launch-Add_BP-Edit_BPW-Align-Edit_BPW-Crea-Align-Add_BP-Edit_DH-Edit_BPN-Edit_DH,1
launch-Publ-Del_BP-Publ-end,1
launch-Publ-SmartP-Edit_BPW-SmartP-Edit_BPW-SmartP-Edit_BPW-SmartP-end,1
launch-Add_BP-Edit_BPW-Add_BP-end,1
launch-Add_BP-SmartP-Align-Crea-Align-SmartP-Edit_DH-Align-Add_BP-SmartP,1
launch-Publ-Align-Crea-Publ-Edit_DH-Add_BP-Align-Edit_BPW-Crea-Edit_BPW,1
launch-Publ-Edit_BPW-Edit_DH-Edit_SH-Publ-Edit_BPW-end,1
launch-Publ-Crea-Publ-Add_BP-SmartP-Publ-end,1
launch-SmartP-Publ-SmartP-Align-SmartP-Align-SmartP-Align-Crea-Add_BP,1
launch-Align-Edit_SH-Publ-Align-Publ-Align-Publ-end,1
launch-Edit_BPW-Add_BP-Edit_DH-Edit_SH-Add_BP-Edit_SH-Edit_DH-Edit_SH-Crea-Edit_DH,1
launch-SmartP-Crea-SmartP-Publ-SmartP-Publ-Add_BP-SmartP-Publ-SmartP,1
launch-Edit_DH-Edit_SH-Edit_DH-Edit_SH-Edit_DH-Edit_SH-Edit_DH-Edit_SH-Edit_DH-Edit_SH,1
launch-Publ-Edit_BPW-Publ-Edit_BPW-Publ-Edit_BPW-end,1
launch-SmartP-Align-Crea-SmartP-end,1
launch-Edit_DH-Align-Edit_SH-Align-Edit_SH-Edit_DH-Align-Edit_SH-Align-Edit_SH,1
launch-Crea-Edit_SH-Add_BP-Publ-SmartP-end,1
launch-Edit_BPW-Crea-Align-Edit_BPW-SmartP-Del_BP-Add_BP-Align-Edit_BPW-Align,1
launch-Publ-Align-Publ-Crea-Align-end,1
launch-Publ-Add_BP-Publ-Align-Publ-Align-Add_BP-Edit_DH-Align-Del_BP,1
launch-Add_BP-Edit_DH-end,1
launch-SmartP-Crea-SmartP-Edit_BPW-Add_BP-SmartP-Add_BP-end,1
launch-Del_BP-Publ-Add_BP-Publ-Crea-Del_BP-Publ-Del_BP-Add_BP-Publ,1
launch-Add_BP-Publ-Crea-Publ-end,1
launch-Publ-Add_BP-Publ-SmartP-Publ-SmartP-Publ-end,1
launch-Align-Publ-Align-Edit_BPW-Align-Edit_SH-Edit_BPW-Align-Edit_DH-Publ,1
launch-Publ-Crea-Edit_BPW-end,1
launch-Add_BP-Crea-Edit_BPW-Add_BP-Edit_DH-Edit_BPW-Edit_DH-Publ-Edit_DH-Edit_BPW,1
launch-Crea-Add_BP-Crea-Edit_BPW-SmartP-Edit_BPW-Align-SmartP-Align-SmartP,1
launch-SmartP-Edit_SH-SmartP-Edit_SH-SmartP-end,1
launch-Edit_BPW-Publ-Crea-Publ-Edit_BPW-Publ-Edit_BPW-Publ-Crea-Publ,1
launch-Edit_BPW-SmartP-Edit_SH-SmartP-Edit_SH-SmartP-Edit_SH-Add_BP-SmartP-Crea,1
launch-Edit_DH-Crea-Edit_BPW-Add_BP-Edit_DH-Crea-Edit_BPW-end,1
launch-Edit_BPW-Edit_BPN-Add_BP-Crea-Edit_SH-end,1
launch-SmartP-Align-Crea-SmartP-Align-end,1
launch-Align-Edit_BPW-Align-Edit_BPW-Align-Edit_BPW-Align-Edit_BPW-Align-Edit_BPW,1
launch-Crea-SmartP-Add_BP-SmartP-Add_BP-end,1
launch-Del_BP-Publ-Crea-Add_BP-end,1
launch-Publ-Align-Crea-Align-end,1
launch-SmartP-Crea-Publ-SmartP-Publ-SmartP-Publ-end,1
launch-Align-Add_BP-end,1
launch-Add_BP-Del_BP-Add_BP-Publ-end,1
launch-Edit_SH-Align-Edit_SH-Align-Edit_SH-Edit_BPW-Align-Edit_SH-Publ-Edit_SH,1
launch-Crea-Align-SmartP-Align-Crea-end,1
launch-Crea-Publ-Edit_SH-end,1
launch-Align-Publ-Align-Publ-Align-SmartP-Align-Publ-Align-Publ,1
launch-Edit_BPW-Publ-Edit_BPW-Add_BP-Crea-end,1
launch-Edit_SH-Crea-Edit_SH-Crea-Edit_SH-SmartP-Edit_SH-Crea-Edit_SH-Align,1
launch-Publ-Edit_BPW-Crea-end,1
launch-Align-Publ-Edit_BPW-Publ-Edit_BPW-Publ-Add_BP-Publ-Del_BP-Publ,1
launch-Align-Add_BP-Del_BP-Align-Del_BP-Align-Del_BP-end,1
launch-Edit_BPW-Crea-Edit_BPW-SmartP-Edit_BPW-end,1
launch-Add_BP-SmartP-Add_BP-end,1
launch-Edit_BPW-Crea-Publ-Edit_BPW-Crea-end,1
launch-Edit_SH-Del_BP-Edit_SH-Del_BP-Add_BP-Del_BP-Edit_BPW-Add_BP-end,1
launch-Crea-Add_BP-Crea-Edit_BPW-Add_BP-Edit_DH-end,1
launch-Add_BP-Edit_BPW-Publ-Edit_BPW-end,1
V1,1
launch-Edit_BPW-Publ-Edit_DH-Align-Edit_SH-Align-end,1
launch-SmartP-Align-Del_BP-Align-Publ-Add_BP-Align-Publ-Align-Publ,1
launch-Publ-SmartP-Align-Publ-end,1
launch-Align-Publ-Align-Publ-Crea-Align-Publ-end,1
launch-SmartP-Add_BP-Crea-SmartP-Edit_DH-SmartP-end,1
launch-Add_BP-Align-Add_BP-Edit_DH-Align-SmartP-Add_BP-Crea-Align-Add_BP,1
launch-Edit_DH-Publ-Add_BP-Publ-Add_BP-Crea-Add_BP-Publ-Add_BP-Edit_DH,1
launch-Crea-Add_BP-SmartP-Edit_BPW-SmartP-Add_BP-SmartP-Crea-Publ-Align,1
launch-Align-Edit_SH-Align-Edit_SH-Align-Edit_SH-Align-end,1
launch-Edit_BPW-Crea-Edit_BPW-Publ-Edit_SH-Edit_BPW-Edit_SH-Edit_BPW-end,1
launch-Edit_DH-Add_BP-Edit_DH-end,1
launch-Align-Edit_BPW-Align-Edit_BPW-Align-Edit_BPW-Align-Crea-end,1
launch-Add_BP-Crea-Del_BP-Add_BP-Del_BP-Edit_SH-Align-Crea-end,1
launch-Edit_BPW-Publ-Add_BP-Edit_BPW-end,1
launch-Edit_DH-Publ-Add_BP-Crea-Add_BP-Edit_DH-Publ-end,1
launch-Edit_BPW-Align-Edit_BPW-Align-end,1
launch-Publ-Add_BP-Edit_DH-Publ-Add_BP-end,1
launch-Publ-Edit_SH-end,1
launch-Add_BP-Crea-Add_BP-Edit_BPW-Edit_DH-Publ-end,1
launch-Add_BP-Publ-Crea-Add_BP-end,1
launch-Align-Publ-Align-Publ-Align-Publ-end,1
launch-Publ-Crea-Publ-Add_BP-Publ-Crea-Publ-end,1
launch-SmartP-Edit_SH-SmartP-Publ-end,1
launch-Align-Crea-Align-SmartP-Publ-end,1
launch-Edit_DH-Edit_SH-Edit_DH-Crea-Add_BP-end,1
launch-Align-Publ-Align-SmartP-Align-SmartP-Align-end,1
launch-Align-Crea-Align-Publ-Align-Publ-end,1
launch-SmartP-Crea-SmartP-Add_BP-SmartP-end,1
launch-Crea-Edit_DH-Add_BP-Edit_BPN-Publ-end,1
launch-Edit_BPW-Edit_SH-Crea-Edit_DH-end,1
launch-Add_BP-Crea-Edit_BPW-Edit_SH-Add_BP-SmartP-end,1
launch-SmartP-Edit_DH-end,1
launch-Publ-Add_BP-Publ-Add_BP-Publ-Crea-end,1
launch-Add_BP-Edit_DH-Crea-Edit_DH-Add_BP-end,1
launch-Del_BP-Add_BP-Del_BP-Add_BP-Del_BP-Add_BP-Edit_DH-Add_BP-Del_BP-end,1
launch-Add_BP-Del_BP-Publ-end,1
launch-Add_BP-Edit_DH-Add_BP-end,1
launch-Align-SmartP-Edit_BPW-Align-SmartP-Align-SmartP-Align-Edit_BPW-Align,1
launch-Publ-Align-SmartP-Align-SmartP-end,1
launch-Publ-Edit_BPW-Crea-Publ-Edit_BPW-Publ-end,1
launch-Del_BP-Align-Add_BP-Align-Add_BP-Align-Add_BP-Align-Del_BP-Align,1
launch-Edit_DH-Edit_BPW-Edit_DH-SmartP-Add_BP-end,1
launch-Align-Add_BP-Crea-end,1
launch-Align-Del_BP-Add_BP-Align-Publ-Align-Del_BP-Add_BP-end,1
launch-Align-SmartP-Edit_SH-end,1
launch-Publ-Add_BP-Crea-Add_BP-Del_BP-Publ-Del_BP-Publ-end,1
launch-Publ-Align-Publ-Align-Publ-SmartP-Publ-Align-Publ-end,1
launch-SmartP-Add_BP-Align-Edit_DH-SmartP-Align-SmartP-Align-SmartP-Crea,1
launch-Del_BP-Align-SmartP-Align-Add_BP-Edit_DH-Align-Edit_DH-Align-Edit_DH,1
launch-Edit_BPW-Crea-Edit_SH-end,1
launch-Del_BP-Edit_BPW-Del_BP-end,1
launch-Add_BP-Crea-SmartP-Edit_BPW-Add_BP-Edit_BPW-end,1
launch-Align-SmartP-Align-SmartP-Edit_BPW-Align-Publ-end,1
launch-Align-Crea-Align-SmartP-Add_BP-SmartP-Add_BP-SmartP-Align-SmartP,1
launch-SmartP-Publ-SmartP-Publ-Crea-SmartP-end,1
launch-Crea-Edit_BPW-Align-Edit_BPW-Align-Publ-Edit_BPW-end,1
launch-Align-SmartP-Publ-end,1
launch-Add_BP-Publ-Edit_DH-Edit_BPW-Edit_DH-Add_BP-Del_BP-Add_BP-Crea-Edit_BPW,1
launch-Del_BP-Add_BP-SmartP-Del_BP-Crea-Edit_DH-Add_BP-Edit_DH-Crea-Del_BP,1
launch-Publ-Crea-Publ-Crea-Publ-Crea-end,1
launch-Edit_DH-Add_BP-Edit_DH-Add_BP-Crea-end,1
launch-Edit_BPW-Publ-Crea-Edit_BPW-end,1
launch-Add_BP-Align-Crea-Edit_SH-Edit_BPW-Edit_SH-Add_BP-Align-end,1
launch-Publ-Edit_DH-Edit_BPW-Publ-Edit_DH-Publ-Edit_BPW-Publ-Edit_BPW-Edit_DH,1
launch-Add_BP-SmartP-Add_BP-Edit_BPW-Del_BP-Edit_BPW-Add_BP-Del_BP-end,1
launch-Publ-Edit_BPW-Publ-Edit_BPW-Publ-Crea-Publ-end,1
launch-Crea-Publ-Crea-Align-Edit_BPW-Align-end,1
launch-SmartP-Edit_BPW-Align-Edit_SH-end,1
launch-Align-SmartP-Align-SmartP-Align-Edit_SH-Align-Edit_DH-Align-Edit_SH,1
launch-Crea-Add_BP-Publ-Add_BP-Publ-SmartP-Edit_BPW-SmartP-end,1
launch-Edit_BPW-Crea-SmartP-Edit_BPW-Publ-end,1
launch-Edit_BPW-Crea-Add_BP-Edit_DH-Edit_BPW-Add_BP-end,1
launch-Add_BP-Crea-Edit_SH-Edit_BPW-end,1
launch-Publ-Add_BP-Crea-Edit_BPW-Publ-end,1
launch-Publ-Add_BP-Del_BP-end,1
launch-Edit_BPW-Add_BP-Edit_BPW-end,1
launch-Edit_BPN-Crea-Add_BP-Edit_BPN-end,1
launch-Edit_DH-Edit_BPW-Add_BP-Crea-Edit_DH-Edit_BPW-Edit_BPN-Add_BP-Edit_BPW-Edit_DH,1
launch-Edit_BPW-Align-Add_BP-end,1
launch-SmartP-Publ-SmartP-Publ-SmartP-Publ-SmartP-Publ-SmartP-end,1
launch-Align-Crea-Add_BP-Edit_SH-Add_BP-Edit_SH-SmartP-Edit_BPW-Edit_SH-Publ,1
launch-Crea-Publ-Add_BP-Edit_BPW-Add_BP-Edit_DH-end,1
launch-Edit_SH-Publ-Edit_DH-Edit_SH-Publ-end,1
launch-Publ-Align-Edit_BPW-Align-Publ-Align-Publ-Align-Edit_BPW-Crea,1
launch-Add_BP-SmartP-Align-SmartP-end,1
launch-Edit_SH-Add_BP-Align-Add_BP-Align-Edit_SH-Crea-Edit_SH-end,1
launch-Align-Edit_BPW-Publ-end,1
launch-Publ-Edit_BPW-Publ-Edit_BPW-Crea-Publ-end,1
launch-Publ-Edit_SH-Edit_BPW-Add_BP-Publ-Add_BP-Publ-Edit_SH-Add_BP-Crea,1
launch-Align-Crea-Align-SmartP-Align-end,1
launch-Edit_DH-Crea-Edit_DH-Add_BP-Edit_DH-end,1
launch-SmartP-Crea-SmartP-Add_BP-Publ-Crea-end,1
launch-SmartP-Add_BP-Crea-Align-Publ-SmartP-Crea-end,1
launch-SmartP-Crea-Edit_BPW-Crea-end,1
launch-Publ-Edit_SH-Publ-Edit_SH-Publ-Crea-Edit_SH-Publ-Edit_SH-Publ,1
launch-SmartP-Add_BP-Crea-Edit_DH-Align-end,1
launch-Publ-Edit_DH-Add_BP-Del_BP-Add_BP-end,1
launch-Edit_DH-Crea-Edit_DH-Publ-end,1
launch-SmartP-Align-Edit_BPW-Align-Publ-Align-SmartP-Align-Publ-end,1
launch-Del_BP-Add_BP-SmartP-end,1
launch-Publ-Edit_SH-Publ-Edit_SH-SmartP-Crea-Edit_DH-Edit_BPW-Align-Publ,1
launch-Edit_BPW-Edit_SH-Edit_DH-SmartP-Align-Edit_BPW-Edit_SH-Align-Edit_SH-Align,1
launch-Add_BP-Crea-Del_BP-Add_BP-Edit_DH-Edit_BPW-Add_BP-Crea-Add_BP-end,1
launch-Publ-Edit_BPW-SmartP-Add_BP-Edit_BPW-Publ-SmartP-Edit_BPW-Publ-SmartP,1
launch-SmartP-Edit_BPW-Crea-Add_BP-SmartP-Publ-SmartP-end,1
launch-Add_BP-SmartP-end,1
launch-SmartP-Crea-Add_BP-Edit_BPN-Del_BP-Add_BP-Del_BP-Add_BP-Crea-SmartP,1
launch-SmartP-Align-SmartP-Edit_DH-Add_BP-SmartP-Align-SmartP-Align-end,1
launch-Edit_DH-Edit_BPW-Edit_DH-Edit_BPW-Crea-Edit_DH-Edit_BPW-end,1
launch-Align-Publ-SmartP-Align-Publ-Align-Publ-SmartP-Align-SmartP,1
launch-Align-SmartP-Add_BP-Del_BP-Align-Publ-Align-end,1
launch-SmartP-Align-Edit_DH-Publ-Align-SmartP-Edit_SH-Align-Crea-Align,1
launch-Edit_DH-Add_BP-Edit_DH-Publ-SmartP-Crea-SmartP-Edit_DH-Add_BP-Edit_DH,1
launch-Del_BP-Add_BP-Crea-Edit_BPW-Publ-Add_BP-Crea-Publ-Crea-Add_BP,1
launch-SmartP-Align-Crea-Edit_BPW-Publ-Edit_BPW-Publ-Crea-end,1
launch-Align-Publ-Align-Publ-Align-Publ-Align-Publ-Align-SmartP,1
launch-Crea-Edit_BPW-SmartP-Align-Edit_BPW-end,1
launch-Edit_SH-SmartP-Align-Edit_SH-Align-Crea-Publ-Edit_SH-Edit_BPW-Edit_DH,1
launch-Edit_BPW-Add_BP-Crea-end,1
launch-Align-SmartP-Align-SmartP-Align-Add_BP-SmartP-Align-SmartP-Align,1
launch-Publ-Crea-Publ-Align-Publ-Crea-Publ-end,1
launch-Edit_BPW-Edit_SH-Edit_BPW-Edit_SH-SmartP-Edit_BPW-Crea-Add_BP-Edit_BPN-Edit_BPW,1
launch-Crea-Edit_BPW-SmartP-Align-SmartP-Align-end,1
launch-Edit_BPW-Edit_DH-Edit_BPW-Crea-Edit_SH-Edit_DH-Edit_SH-Edit_BPW-Edit_DH-Edit_BPW,1
launch-Publ-Edit_BPW-Del_BP-Edit_DH-Edit_SH-Edit_BPW-Edit_DH-Publ-Edit_SH-Edit_BPW,1
launch-Edit_DH-Crea-Edit_DH-Add_BP-Edit_DH-Del_BP-Edit_DH-end,1
launch-Align-Crea-Edit_DH-Align-Add_BP-Crea-end,1
launch-Add_BP-Edit_BPW-Crea-Edit_BPW-Add_BP-Edit_BPW-Crea-Edit_BPW-Add_BP-Publ,1
launch-Edit_DH-Add_BP-Del_BP-Align-end,1
launch-Del_BP-Publ-Del_BP-Add_BP-end,1
launch-Edit_BPW-Add_BP-Edit_DH-Crea-Edit_SH-Edit_BPW-Edit_SH-Publ-Edit_DH-Publ,1
launch-SmartP-Edit_DH-SmartP-Crea-SmartP-Add_BP-SmartP-Add_BP-end,1
launch-Crea-Add_BP-Edit_DH-Edit_BPW-Add_BP-Edit_DH-Del_BP-Edit_DH-Edit_BPW-Edit_DH,1
launch-Align-Edit_SH-Edit_DH-Edit_SH-Edit_DH-Align-Edit_SH-end,1
launch-Add_BP-Align-Add_BP-Align-Crea-Align-end,1
launch-Edit_BPW-SmartP-Crea-Publ-Crea-Publ-Edit_BPW-end,1
launch-Add_BP-Align-Crea-SmartP-end,1
launch-Edit_DH-Edit_BPW-Add_BP-Edit_DH-Edit_BPW-Edit_DH-Edit_BPW-Edit_BPN-end,1
launch-Edit_BPW-SmartP-Edit_BPW-SmartP-Edit_BPW-Publ-SmartP-Edit_BPW-SmartP-Edit_BPW,1
launch-Add_BP-Edit_BPW-Del_BP-Edit_BPW-Del_BP-end,1
launch-Add_BP-Crea-Edit_DH-SmartP-Edit_DH-Add_BP-end,1
launch-Align-Del_BP-Add_BP-SmartP-Align-SmartP-Add_BP-SmartP-Del_BP-end,1
launch-Align-Crea-Align-SmartP-end,1
launch-Publ-Edit_SH-Publ-Edit_DH-Publ-Edit_SH-Publ-Edit_SH-Publ-Edit_DH,1
launch-Edit_BPW-Edit_DH-Edit_BPW-Add_BP-Edit_BPW-Crea-Publ-Edit_BPW-Add_BP-Edit_BPW,1
launch-Align-Publ-Crea-end,1
launch-Edit_SH-Edit_BPW-Edit_SH-Edit_BPW-Edit_SH-end,1
launch-Align-SmartP-Align-Edit_SH-Align-Edit_SH-Align-Edit_BPW-Align-end,1
launch-Edit_DH-Edit_BPW-Edit_DH-Edit_BPW-Edit_DH-Edit_BPW-Edit_DH-Edit_BPW-Crea-end,1
launch-Add_BP-Edit_SH-end,1
launch-SmartP-Align-SmartP-Crea-Align-Publ-Align-Add_BP-Align-Add_BP,1
launch-Align-Del_BP-Add_BP-end,1
launch-Edit_DH-Edit_BPW-Crea-Edit_DH-end,1
launch-Publ-Edit_BPW-Del_BP-Crea-Publ-Edit_BPW-Publ-Edit_BPW-Add_BP-Publ,1
launch-Add_BP-SmartP-Crea-SmartP-Add_BP-end,1
launch-Edit_DH-Publ-Add_BP-Edit_BPW-Edit_DH-Edit_BPW-Edit_DH-end,1
launch-Edit_BPW-Align-Crea-Align-end,1
launch-SmartP-Edit_BPW-SmartP-Edit_BPW-end,1
launch-Crea-SmartP-Add_BP-end,1
launch-Edit_SH-Align-Edit_BPW-Align-Edit_SH-SmartP-Crea-Edit_BPW-Align-SmartP,1
launch-Add_BP-Align-SmartP-Crea-Align-Edit_BPW-Align-Edit_BPW-end,1
launch-SmartP-Add_BP-Crea-SmartP-Crea-Add_BP-Crea-end,1
launch-Add_BP-Publ-Crea-Del_BP-end,1
launch-Align-SmartP-Align-Publ-Align-Publ-Align-Publ-Align-Publ,1
launch-Align-SmartP-Crea-Align-end,1
launch-Crea-Add_BP-Edit_BPW-Crea-end,1
launch-Add_BP-Del_BP-Edit_DH-end,1
launch-SmartP-Edit_BPW-Add_BP-Publ-SmartP-Publ-Edit_BPW-Add_BP-Crea-Add_BP,1
launch-Align-Edit_SH-Align-end,1
launch-Edit_BPW-Crea-SmartP-Align-end,1
launch-Add_BP-Edit_DH-Add_BP-Align-Crea-SmartP-end,1
launch-Crea-Add_BP-Edit_BPW-Edit_DH-Edit_BPW-Edit_DH-Edit_BPW-Edit_DH-Edit_BPW-Edit_DH,1
launch-Align-Publ-Align-Publ-Align-Edit_BPW-Align-Publ-Align-Publ,1
launch-Align-SmartP-Align-Edit_BPW-Align-SmartP-Align-end,1
launch-Crea-Align-SmartP-Publ-Align-end,1
launch-Publ-Add_BP-Crea-Add_BP-Crea-end,1
launch-Add_BP-Edit_BPW-Edit_DH-Edit_BPW-Edit_DH-Edit_BPW-Edit_SH-Add_BP-SmartP-Crea,1
launch-Publ-Add_BP-Edit_DH-Publ-Edit_DH-Edit_BPW-Edit_DH-Publ-Edit_BPW-Edit_DH,1
launch-Edit_BPW-Crea-Edit_BPW-SmartP-Publ-SmartP-Publ-end,1
launch-Edit_DH-Crea-Add_BP-Edit_DH-Publ-Edit_DH-end,1
launch-Edit_BPW-Crea-Edit_BPW-Edit_SH-Edit_BPW-Edit_SH-end,1
launch-SmartP-Add_BP-Crea-end,1
launch-Edit_DH-Crea-Edit_BPN-Edit_BPW-Edit_DH-Publ-Edit_BPW-Add_BP-Edit_BPW-Crea,1
launch-Publ-Edit_DH-Publ-Edit_SH-end,1
launch-Publ-Add_BP-Publ-Crea-Publ-end,1
launch-SmartP-Crea-Align-Crea-SmartP-end,1
launch-Add_BP-Edit_DH-Del_BP-end,1
launch-Crea-Align-Add_BP-Align-Add_BP-end,1
launch-Edit_DH-Edit_BPW-Add_BP-Edit_BPW-Crea-end,1
launch-Align-Publ-Crea-Align-Publ-end,1
launch-Publ-Align-Edit_BPW-end,1
launch-Add_BP-Edit_BPW-Publ-end,1
launch-Edit_DH-Add_BP-Edit_DH-Edit_BPW-Edit_SH-Edit_DH-Add_BP-Crea-Edit_BPW-Edit_SH,1
launch-Align-SmartP-Align-Crea-SmartP-Align-end,1
launch-Align-SmartP-Publ-Align-Publ-Align-end,1
launch-Add_BP-Edit_SH-Align-end,1
launch-Align-Crea-Align-SmartP-Align-SmartP-Add_BP-Align-Edit_BPW-Align,1
launch-Crea-Publ-Crea-Add_BP-Crea-end,1
launch-Align-Edit_BPW-Align-end,1
launch-SmartP-Align-SmartP-Align-SmartP-Align-Crea-SmartP-end,1
launch-Publ-Align-SmartP-Align-Publ-end,1
launch-SmartP-Align-SmartP-Align-Crea-Align-end,1
launch-Align-Add_BP-Crea-Add_BP-Align-Publ-Edit_DH-Align-end,1
launch-SmartP-Edit_BPW-Align-SmartP-Align-Publ-end,1
launch-Align-SmartP-Publ-Align-Crea-SmartP-Align-Edit_DH-Align-Crea,1
launch-Edit_BPW-Align-Edit_BPW-Crea-Edit_DH-Align-end,1
launch-Edit_BPW-SmartP-Edit_BPW-Add_BP-Crea-end,1
launch-Edit_SH-Publ-Edit_SH-end,1
launch-Edit_SH-Edit_BPW-end,1
launch-Add_BP-Crea-Add_BP-Del_BP-Add_BP-Del_BP-end,1
launch-Add_BP-Crea-Edit_DH-SmartP-end,1
launch-Edit_DH-Publ-end,1
launch-SmartP-Edit_BPW-Crea-SmartP-Crea-SmartP-Crea-SmartP-end,1
launch-Crea-SmartP-Edit_BPW-Add_BP-SmartP-Align-Add_BP-Align-SmartP-Align,1
launch-Edit_BPW-Align-Add_BP-Crea-Add_BP-end,1
launch-Edit_BPW-Crea-Edit_BPW-Add_BP-Edit_DH-Del_BP-Add_BP-Edit_BPW-end,1
launch-Del_BP-Add_BP-Del_BP-Crea-Del_BP-SmartP-Add_BP-end,1
launch-Align-SmartP-Align-SmartP-Align-SmartP-Align-SmartP-end,1
launch-Crea-Add_BP-SmartP-end,1
launch-Align-Edit_BPW-Align-Edit_SH-Align-Edit_BPW-Edit_SH-Publ-Align-end,1
launch-Edit_DH-Crea-Add_BP-Edit_DH-Add_BP-end,1
launch-Publ-Crea-Publ-Crea-Edit_SH-Crea-Edit_BPW-end,1
launch-Align-Crea-Align-Del_BP-Add_BP-Edit_DH-Align-end,1
launch-Publ-Edit_DH-Add_BP-Crea-Edit_DH-Edit_BPW-end,1
launch-SmartP-Edit_BPW-Crea-Edit_BPW-SmartP-end,1
launch-SmartP-Publ-Crea-SmartP-Publ-end,1
launch-Align-Publ-Align-Add_BP-Del_BP-Publ-Align-Publ-Align-Publ,1
launch-Edit_BPW-Edit_SH-Edit_BPW-Edit_SH-Edit_BPW-end,1
launch-Align-Publ-Align-SmartP-end,1
launch-Align-Edit_BPW-Crea-end,1
launch-Crea-Edit_SH-Crea-Align-Edit_SH-end,1
launch-Crea-Publ-Edit_BPW-Edit_DH-Publ-Edit_BPW-Publ-Edit_DH-Edit_BPW-Edit_SH,1
launch-Publ-Edit_BPN-SmartP-Crea-Add_BP-Publ-Align-Add_BP-Edit_BPN-Del_BP,1
launch-Edit_SH-Crea-Publ-end,1
launch-Edit_DH-Edit_BPW-Edit_DH-Edit_BPW-Edit_DH-Edit_SH-Add_BP-Crea-end,1
launch-SmartP-Crea-SmartP-Crea-Del_BP-SmartP-Publ-Add_BP-Del_BP-Crea,1
launch-Crea-Align-Edit_BPW-end,1
launch-Align-Edit_BPW-Edit_DH-Align-Edit_SH-SmartP-Align-SmartP-Edit_SH-SmartP,1
launch-SmartP-Crea-Add_BP-Edit_BPW-end,1
launch-Align-Publ-Align-Edit_BPW-Align-Edit_BPW-Align-end,1
launch-Publ-Edit_DH-Publ-end,1
launch-Align-Crea-Align-Publ-SmartP-Add_BP-SmartP-Align-Edit_DH-Publ,1
launch-Crea-Edit_BPW-Publ-Align-Edit_BPW-Align-Edit_BPW-Align-Add_BP-SmartP,1
launch-Edit_DH-Crea-Align-Edit_DH-SmartP-Edit_DH-SmartP-Crea-end,1
launch-Edit_BPN-Crea-Edit_BPN-Add_BP-end,1
launch-Crea-Edit_SH-SmartP-Edit_SH-end,1
launch-Add_BP-Edit_DH-Edit_BPW-Edit_DH-Edit_BPW-Add_BP-Del_BP-Edit_BPW-Add_BP-Edit_BPW,1
launch-Publ-Edit_DH-Crea-Edit_DH-Align-Add_BP-Crea-Edit_DH-Add_BP-Edit_BPW,1
launch-Edit_BPW-SmartP-Crea-end,1
launch-Del_BP-Add_BP-Publ-Edit_BPW-Add_BP-Publ-Del_BP-Edit_BPW-Add_BP-Del_BP,1
launch-Publ-Edit_BPW-Del_BP-Edit_SH-Edit_BPW-Edit_SH-Edit_BPW-Edit_SH-Edit_BPW-Add_BP,1
launch-Publ-Edit_SH-Edit_DH-Edit_SH-Publ-Edit_DH-Publ-Edit_DH-Publ-end,1
launch-SmartP-Align-Publ-Align-Publ-Align-SmartP-Align-Publ-Align,1
launch-SmartP-Crea-Align-SmartP-Align-end,1
launch-Crea-Publ-SmartP-Crea-end,1
launch-Publ-Align-Add_BP-Publ-Del_BP-Align-Add_BP-end,1
launch-Edit_BPW-Edit_DH-Add_BP-Edit_DH-Crea-Edit_SH-Edit_DH-Edit_SH-Edit_DH-Add_BP,1
launch-Publ-Crea-Add_BP-Crea-Edit_DH-Add_BP-end,1
launch-Edit_BPW-Add_BP-Edit_BPW-Crea-end,1
launch-Crea-Align-SmartP-end,1
launch-Publ-Align-Publ-Align-Publ-Align-Publ-Align-end,1
launch-Edit_DH-Crea-Edit_DH-Edit_BPW-Add_BP-Edit_BPW-Edit_DH-end,1
launch-Edit_BPW-Align-Del_BP-SmartP-Add_BP-Align-Del_BP-Edit_BPW-Align-Publ,1
launch-Align-Edit_BPW-Crea-Align-end,1
launch-Edit_SH-SmartP-Edit_SH-SmartP-end,1
launch-Add_BP-Crea-Edit_BPW-Crea-Edit_BPN-Crea-Add_BP-end,1
launch-Publ-Add_BP-Edit_DH-Add_BP-Crea-end,1
launch-Edit_BPW-Add_BP-SmartP-Edit_BPW-Add_BP-Crea-end,1
launch-Edit_BPW-Del_BP-Edit_BPW-end,1
launch-Crea-Add_BP-Edit_BPW-Edit_DH-Crea-Edit_BPW-Edit_SH-end,1
launch-Align-SmartP-Add_BP-Edit_DH-Add_BP-Crea-Add_BP-Edit_DH-Edit_SH-Crea,1
launch-Edit_BPW-Edit_DH-Publ-Edit_BPW-Publ-Edit_DH-Publ-end,1
launch-Edit_SH-Crea-Edit_SH-Add_BP-SmartP-Edit_DH-end,1
launch-Align-Edit_BPW-Crea-Align-Crea-Align-end,1
launch-Publ-Edit_DH-Publ-Edit_SH-Publ-Edit_DH-Publ-Edit_DH-Publ-Edit_BPW,1
launch-Crea-Edit_DH-Add_BP-Edit_DH-Edit_BPW-end,1
launch-Align-Add_BP-Align-Del_BP-end,1
launch-SmartP-Crea-SmartP-Add_BP-Align-Add_BP-end,1
launch-Align-Publ-Add_BP-Crea-Add_BP-Align-Add_BP-Align-Crea-Add_BP,1
launch-Publ-Crea-Publ-Align-Publ-end,1
launch-Edit_BPN-Add_BP-Del_BP-Crea-end,1
launch-Crea-Add_BP-SmartP-Publ-SmartP-Publ-Add_BP-Publ-end,1
launch-Align-SmartP-Align-SmartP-Align-Publ-Align-Publ-Align-Publ,1
launch-Align-Add_BP-Align-Add_BP-Align-Edit_DH-Align-end,1
launch-Align-Publ-SmartP-Publ-SmartP-Align-Publ-Align-Publ-Align,1
launch-Publ-Add_BP-Publ-Crea-Publ-Add_BP-end,1
launch-SmartP-Align-Edit_BPW-SmartP-Align-Add_BP-Align-Add_BP-Align-SmartP,1
launch-Add_BP-Crea-Align-Add_BP-Align-Crea-Edit_DH-Publ-Edit_BPW-Publ,1
launch-Align-Edit_BPW-Edit_SH-Edit_BPW-Align-Edit_SH-Align-Edit_SH-SmartP-Edit_SH,1
launch-Edit_DH-SmartP-Edit_BPW-Edit_DH-Edit_BPW-Add_BP-Edit_DH-Crea-SmartP-Edit_SH,1
launch-Publ-Edit_BPW-Add_BP-Publ-end,1
launch-Publ-Add_BP-Publ-end,1
launch-Add_BP-SmartP-Edit_DH-Add_BP-Crea-end,1
launch-Align-SmartP-Crea-Edit_BPW-Align-Del_BP-Edit_BPW-Crea-Edit_DH-Add_BP,1
launch-Crea-Edit_DH-Add_BP-Edit_BPW-Edit_DH-end,1
launch-Align-Edit_DH-Align-Del_BP-SmartP-Add_BP-Crea-end,1
launch-Crea-Add_BP-Publ-Add_BP-Del_BP-end,1
launch-Add_BP-Publ-Align-Edit_SH-Edit_DH-Edit_SH-Publ-Add_BP-Publ-Align,1
launch-Edit_SH-Add_BP-Edit_SH-end,1
launch-Crea-Edit_DH-Edit_SH-Crea-end,1
launch-Align-Publ-Crea-Edit_BPW-Align-Publ-Align-Publ-Align-Edit_BPW,1
launch-Edit_DH-Add_BP-Edit_BPW-Add_BP-end,1
launch-Align-SmartP-Align-SmartP-Align-Crea-Add_BP-Align-Del_BP-Align,1
