"event_list","count"
"upgr-pvw-media-fbprop-media-txt-media-ss-lms-addsl-lms-pvw-lms-pvw-lms-pvw-txt-lms-pvw-txt-grp",1
"upgr-dnd-media-txt-addsl-txt-media-pvw-txt-media-quiz-publ-media-grp-addsl-grp-addsl-grp-ss-media-addsl",1
"upgr-fbins-fbdel-fbins-upgr-addsl-fbdel-creat-state-txt-fbdel-media-fbprop-cap-fbdel-media-fbprop-addsl-fbdel-type-fbprop",1
"upgr-open-lms-txt-addsl-ss-lms-pvw-lms-int-li-int-addsl-lms-type-li-pvw-lms-publ-lms-li",1
"upgr-open-txt-addsl-txt-char-addsl-pvw-char-int-type-pvw-int-fbprop-media-publ-type-pvw-publ-aa-pvw",1
"upgr-type-fbprop-pvw-publ-fbins-pvw-type-publ-fbins-type-pvw-fbdel-pvw-int-publ-fbdel-int-type-fbdel-publ",1
"upgr-grp-addsl-upgr-state-ss-publ-pvw-type-grp-fbins-type-pvw-fbprop-fbins-fbprop-grp-publ-type-pvw-ss",1
"upgr-fbdel-fbrem-fbprop-fbdel-fbins-fbprop-fbdel-fbrem-fbprop-fbrem-fbdel-fbrem-fbprop-fbrem-fbdel-fbrem-fbprop-fbdel-fbprop-fbdel",1
"upgr-media-addsl-type-publ-state-grp-state-ss-publ-type-pvw-state-save-type-state-fbdel-ss-type-publ-state",1
"upgr-type-save-publ-type-pvw-publ-save-type-publ-save-type-pvw-fbdel-pvw-save-txt-media-fbprop-save-publ",1
"upgr-fbprop-state-fbprop-type-fbprop-type-fbprop-ss-fbprop-state-fbprop-ss-fbprop-state-fbprop-state-fbprop-media-fbprop-int",1
"upgr-lms-state-lms-pvw-lms-save-lms-pvw-lms-pvw-lms-pvw-lms-save-lms-pvw-lms-aa-lms-pvw",1
"upgr-fbdel-type-fbdel-char-arcreat-aa-char-publ-type-pvw-aa-publ-aa-fbins-fbdel-state-fbins-txt-state-eff",1
"upgr-fbprop-fbins-fbprop-publ-fbprop-fbins-fbprop-fbrem-arcreat-addsl-fbprop-txt-fbprop-upgr-fbprop-txt-fbprop-upgr-fbprop-fbdel",1
"upgr-txt-pvw-type-publ-pvw-type-publ-pvw-type-publ-pvw-type-publ-pvw-type-publ-pvw-type-publ-save",1
"upgr-fbprop-fbins-fbprop-fbdel-fbins-fbdel-fbins-fbprop-fbins-fbprop-fbins-fbprop-ss-fbprop-fbins-fbprop-fbins-fbprop-fbins-fbprop",1
"upgr-fbprop-upgr-fbprop-aud-fbprop-state-fbprop-media-fbprop-state-fbprop-media-fbprop-fbins-fbprop-quiz-fbprop-txt-fbprop-fbins",1
"upgr-fbins-fbprop-media-fbdel-addsl-fbdel-open-fbdel-upgr-fbdel-fbins-fbdel-type-fbdel-type-fbdel-type-fbdel-type-fbdel",1
"upgr-lms-pvw-lms-grp-lms-aud-lms-aud-lms-grp-lms-grp-lms-grp-lms-aud-lms-pvw-lms-txt",1
"upgr-fbprop-open-fbins-fbprop-fbdel-fbins-state-fbprop-grp-fbins-grp-fbprop-grp-fbdel-grp-fbprop-grp-fbdel-grp-fbprop",1
"upgr-fbins-txt-fbprop-publ-fbins-type-fbprop-state-fbins-pvw-fbprop-ss-fbins-ss-fbprop-aa-fbins-state-fbprop-aa",1
"upgr-fbprop-ss-fbprop-upgr-fbprop-fbdel-fbprop-fbins-fbprop-grp-fbdel-grp-fbdel-grp-fbins-grp-arcreat-grp-fbins-fbdel",1
"upgr-fbprop-type-fbins-quiz-fbprop-pvw-fbins-fbprop-save-fbins-save-fbprop-save-fbins-fbprop-save-fbins-save-fbprop-fbins",1
"upgr-fbprop-publ-fbprop-pvw-fbprop-type-fbprop-publ-fbprop-pvw-fbprop-type-fbprop-state-fbprop-pvw-fbprop-publ-fbprop-grp",1
"upgr-type-pvw-save-type-lms-pvw-lms-type-publ-save-type-publ-lms-type-lms-publ-lms-save-lms-publ",1
"upgr-fbdel-fbins-fbdel-grp-fbdel-fbprop-fbdel-fbprop-fbdel-fbrem-fbdel-fbins-fbdel-grp-fbdel-fbprop-fbdel-fbprop-fbdel-fbins",1
"upgr-tts-fbdel-tts-addsl-tts-fbdel-tts-cap-tts-fbdel-tts-cap-tts-fbdel-tts-fbdel-txt-cap-tts-fbdel",1
"upgr-pvw-upgr-type-pvw-type-publ-pvw-type-publ-pvw-type-grp-pvw-fbrem-fbprop-fbrem-fbprop-fbrem-pvw-publ",1
"upgr-pvw-ss-fbdel-type-quiz-publ-fbdel-pvw-fbdel-type-quiz-media-fbdel-media-quiz-media-fbdel-grp-save-fbdel",1
"upgr-ss-fbdel-ss-fbprop-txt-fbdel-media-fbprop-ss-fbdel-txt-fbprop-ss-fbdel-ss-fbprop-quiz-fbdel-quiz-fbprop",1
"upgr-fbprop-publ-fbprop-char-fbdel-publ-fbins-fbprop-pvw-fbprop-char-fbprop-aa-fbprop-type-fbprop-type-fbins-aa-fbins",1
"upgr-pvw-fbdel-pvw-type-fbdel-publ-txt-pvw-fbdel-publ-fbprop-type-fbdel-ss-state-pvw-fbdel-type-media-upgr",1
"upgr-ss-state-quiz-int-publ-type-pvw-type-pvw-publ-type-pvw-type-quiz-pvw-publ-type-publ-pvw-publ",1
"upgr-fbprop-eff-fbdel-grp-publ-fbdel-type-char-pvw-fbdel-pvw-int-publ-fbdel-pvw-txt-type-fbdel-publ-media",1
"upgr-publ-type-eff-fbdel-lms-grp-media-lms-grp-lms-grp-media-aa-media-publ-type-media-pvw-publ-type",1
"upgr-media-type-pvw-media-grp-media-grp-type-pvw-media-type-pvw-media-ss-media-fbrem-publ-media-txt-publ",1
"upgr-fbprop-type-fbprop-publ-fbprop-type-fbprop-publ-fbprop-type-fbprop-ss-fbprop-txt-fbprop-ss-fbprop-ss-fbprop-save",1
"upgr-publ-svg-media-svg-media-svg-fbprop-type-state-fbprop-pvw-publ-state-type-int-fbins-int-svg-state-media",1
"upgr-fbprop-state-fbdel-fbprop-fbdel-fbprop-fbdel-fbprop-fbdel-fbprop-fbdel-state-fbdel-state-fbdel-txt-fbdel-media-fbdel-txt",1
"upgr-fbdel-grp-fbdel-media-fbdel-grp-fbdel-ss-fbdel-addsl-fbdel-grp-fbdel-grp-fbdel-upgr-fbdel-ss-fbprop-grp",1
"upgr-txt-media-addsl-media-int-addsl-ss-obj-char-media-char-quiz-char-txt-int-txt-save-fbins-pvw-save",1
"upgr-lms-fbprop-lms-fbprop-lms-fbprop-lms-fbprop-lms-fbprop-lms-fbprop-lms-fbprop-lms-fbprop-lms-fbprop-lms-pvw",1
"upgr-fbprop-publ-fbprop-save-fbprop-publ-fbrem-publ-fbrem-pvw-fbprop-type-fbprop-fbdel-fbprop-state-fbprop-aa-fbprop-fbrem",1
"upgr-fbdel-ss-fbprop-fbins-fbdel-fbrem-fbprop-addsl-fbdel-ss-fbprop-eff-fbdel-pvw-fbprop-publ-fbdel-type-fbprop-pvw",1
"upgr-eff-fbdel-eff-type-pvw-fbdel-publ-type-fbdel-publ-fbdel-publ-fbdel-type-fbdel-pvw-fbdel-type-fbdel-pvw",1
"upgr-fbprop-txt-fbrem-fbprop-fbins-fbdel-fbins-txt-fbdel-txt-fbprop-fbdel-txt-ss-fbprop-ss-fbprop-fbins-publ-fbprop",1
"upgr-ss-pvw-txt-state-upgr-ss-state-ss-state-pvw-txt-aa-pvw-aa-obj-ss-type-pvw-publ-pvw",1
"upgr-state-addsl-fbdel-addsl-fbprop-grp-fbdel-type-publ-type-fbdel-grp-type-quiz-fbdel-upgr-fbprop-addsl-fbdel-publ",1
"upgr-fbprop-save-fbdel-publ-fbprop-type-fbdel-pvw-fbprop-type-fbdel-publ-fbprop-pvw-fbdel-save-fbprop-state-fbdel-state",1
"upgr-int-save-int-addsl-publ-pvw-txt-obj-vid-pvw-media-obj-ss-addsl-ss-save-eff-save-type-save",1
"upgr-fbprop-fbins-fbdel-fbins-fbprop-grp-fbdel-fbrem-fbprop-fbins-fbprop-save-fbins-grp-fbprop-end",1
"upgr-grp-txt-char-txt-char-aud-pvw-txt-char-aa-char-aa-char-aa-char-aa-save-aa-pvw-aa",1
"upgr-publ-save-aud-media-aud-save-type-publ-pvw-type-upgr-quiz-pvw-addsl-type-save-pvw-quiz-save-quiz",1
"upgr-publ-fbprop-fbins-end",1
"upgr-int-grp-char-publ-pvw-type-pvw-type-publ-type-publ-ss-int-txt-obj-dnd-fbdel-dnd-fbins-fbdel",1
"upgr-lms-state-lms-state-lms-state-lms-state-lms-pvw-lms-int-lms-pvw-lms-ss-lms-pvw-lms-pvw",1
"upgr-grp-addsl-grp-publ-type-addsl-pvw-obj-publ-state-type-pvw-grp-aa-fbins-aa-grp-pvw-fbprop-txt",1
"upgr-type-fbprop-txt-publ-type-pvw-addsl-type-publ-pvw-publ-type-publ-pvw-type-publ-type-publ-type-publ",1
"upgr-state-media-fbdel-media-fbdel-media-ss-save-fbdel-media-state-save-fbdel-addsl-ss-save-arcreat-media-state-save",1
"upgr-fbdel-pvw-fbprop-fbdel-fbins-fbprop-fbdel-fbprop-publ-fbdel-publ-fbprop-type-fbdel-pvw-fbprop-type-fbdel-pvw-fbprop",1
"upgr-type-pvw-char-addsl-lms-publ-lms-type-addsl-pvw-lms-publ-pvw-type-lms-pvw-lms-type-publ-lms",1
"upgr-fbprop-arcreat-fbprop-fbins-fbprop-fbdel-fbprop-end",1
"upgr-fbins-cap-fbins-cap-fbins-publ-fbprop-type-fbprop-pvw-fbdel-cap-fbdel-cap-fbins-cap-fbins-fbprop-publ-pvw",1
"upgr-fbprop-fbrem-fbdel-type-fbprop-pvw-fbdel-fbins-fbprop-fbdel-fbprop-publ-fbdel-fbprop-publ-fbdel-pvw-fbprop-publ-fbdel",1
"upgr-publ-pvw-fbdel-int-char-fbdel-publ-char-fbdel-upgr-media-char-fbdel-open-type-aa-fbdel-pvw-state-grp",1
"upgr-fbdel-addsl-fbdel-publ-fbdel-pvw-fbdel-type-fbdel-fbins-arcreat-media-pvw-media-type-publ-fbins-media-fbins-media",1
"upgr-aud-addsl-txt-aud-grp-aud-publ-pvw-type-aud-fbprop-pvw-fbprop-aud-grp-media-aud-addsl-media-addsl",1
"upgr-fbprop-type-fbdel-publ-fbprop-dnd-fbdel-fbprop-fbdel-fbprop-fbdel-grp-fbprop-fbins-fbdel-grp-fbprop-fbdel-grp-fbprop",1
"upgr-fbprop-state-fbprop-publ-fbprop-pvw-txt-publ-txt-state-fbprop-save-ss-txt-fbprop-txt-fbprop-media-fbprop-txt",1
"upgr-pvw-type-state-int-save-type-quiz-type-addsl-quiz-publ-pvw-ss-upgr-type-eff-pvw-save-obj-txt",1
"upgr-fbprop-grp-media-fbprop-media-txt-ss-svg-grp-media-svg-media-svg-aud-grp-ss-fbprop-publ-type-grp",1
"upgr-fbdel-addsl-fbdel-fbins-fbdel-state-fbdel-upgr-fbdel-type-fbdel-publ-fbdel-state-fbdel-aud-arcreat-state-upgr-media",1
"upgr-fbprop-fbins-fbdel-fbprop-fbins-fbdel-media-fbprop-fbdel-fbins-fbprop-fbdel-fbprop-fbdel-fbprop-grp-fbdel-upgr-fbprop-fbdel",1
"upgr-arcreat-state-fbdel-save-addsl-int-fbprop-fbins-state-int-media-addsl-pvw-txt-ss-addsl-txt-end",1
"upgr-fbprop-type-fbprop-media-fbprop-media-fbprop-pvw-fbprop-fbins-fbprop-ss-fbprop-fbins-fbprop-fbins-fbprop-ss-fbprop-fbins",1
"upgr-publ-fbdel-addsl-fbdel-pvw-fbdel-quiz-arcreat-fbrem-fbdel-pvw-fbprop-quiz-pvw-addsl-media-pvw-ss-quiz-addsl",1
"upgr-fbdel-fbprop-fbdel-fbins-fbdel-fbprop-fbdel-fbrem-fbdel-fbins-fbdel-fbins-fbdel-fbprop-fbdel-grp-fbdel-publ-fbprop-grp",1
"upgr-ss-type-pvw-eff-type-publ-type-eff-pvw-publ-txt-state-media-txt-addsl-ss-txt-ss-pvw-fbrem",1
"upgr-ss-upgr-fbprop-addsl-save-fbprop-fbins-addsl-fbins-ss-txt-state-end",1
"upgr-fbdel-type-fbdel-publ-pvw-type-pvw-char-media-publ-type-pvw-type-pvw-publ-type-state-publ-state-char",1
"upgr-type-grp-lms-aa-type-lms-type-ss-pvw-lms-type-lms-pvw-lms-pvw-lms-obj-lms-obj-lms",1
"upgr-publ-type-publ-type-publ-type-fbdel-publ-type-publ-upgr-publ-fbins-publ-fbins-type-publ-type-publ-type",1
"upgr-fbins-state-fbins-state-fbins-fbdel-fbprop-fbdel-fbprop-fbdel-media-fbdel-media-fbdel-media-fbins-media-open-fbins-fbprop",1
"upgr-pvw-fbdel-lms-ss-lms-fbdel-lms-ss-lms-fbdel-lms-grp-lms-fbdel-lms-li-lms-fbdel-lms-int",1
"upgr-state-publ-state-pvw-state-type-state-lms-publ-type-state-lms-end",1
"upgr-li-int-type-addsl-pvw-obj-publ-media-addsl-fbins-upgr-int-end",1
"upgr-pvw-publ-fbins-txt-ss-media-ss-fbins-addsl-state-media-end",1
"upgr-type-publ-pvw-state-publ-pvw-type-pvw-type-pvw-publ-pvw-publ-pvw-type-pvw-publ-ss-type-pvw",1
"upgr-type-pvw-publ-type-publ-pvw-txt-grp-type-publ-addsl-type-li-pvw-int-type-int-pvw-addsl-int",1
"upgr-media-eff-char-open-eff-pvw-publ-pvw-type-fbins-eff-type-publ-pvw-type-char-open-upgr-end",1
"upgr-fbdel-fbins-fbdel-media-fbdel-media-fbdel-fbprop-fbdel-txt-fbprop-pvw-fbprop-addsl-fbprop-txt-fbdel-pvw-fbins-type",1
"upgr-type-pvw-end",1
"upgr-state-fbrem-state-publ-addsl-ss-dnd-int-type-ss-pvw-type-txt-publ-addsl-state-dnd-txt-int-state",1
"upgr-fbdel-svg-fbdel-ss-fbdel-svg-fbdel-fbins-fbdel-media-fbdel-media-fbdel-fbins-fbdel-addsl-fbdel-addsl-fbdel-fbprop",1
"upgr-ss-publ-pvw-type-addsl-quiz-end",1
"upgr-lms-grp-lms-grp-lms-grp-lms-grp-lms-grp-lms-grp-save-grp-state-grp-state-grp-state-grp",1
"upgr-fbprop-save-fbprop-save-fbprop-save-fbprop-fbins-fbprop-txt-fbprop-txt-fbprop-fbins-fbprop-save-fbprop-addsl-fbprop-addsl",1
"upgr-lms-char-fbdel-lms-fbdel-lms-publ-fbdel-pvw-publ-type-fbdel-lms-fbdel-lms-char-fbdel-lms-fbdel-pvw",1
"upgr-addsl-aud-vid-media-end",1
"upgr-fbprop-ss-end",1
"upgr-save-state-type-state-publ-state-publ-state-type-state-type-state-publ-save-pvw-state-publ-state-publ-type",1
"upgr-pvw-type-fbins-publ-type-fbprop-publ-fbprop-fbins-publ-save-type-pvw-tts-type-aud-publ-pvw-publ-pvw",1
"upgr-fbprop-fbdel-fbprop-fbins-fbprop-media-fbprop-fbins-fbprop-fbrem-fbprop-ss-fbprop-fbrem-arcreat-fbdel-fbprop-ss-fbprop-ss",1
"upgr-fbprop-publ-fbprop-publ-fbprop-type-fbprop-type-fbprop-publ-fbprop-pvw-fbprop-publ-fbprop-type-fbprop-pvw-fbprop-end",1
"upgr-txt-quiz-fbprop-type-fbdel-publ-fbprop-type-fbins-type-fbprop-quiz-fbins-publ-fbprop-addsl-fbdel-pvw-fbprop-pvw",1
"upgr-lms-int-fbdel-int-lms-upgr-fbdel-ss-lms-fbdel-lms-ss-fbdel-pvw-lms-fbdel-lms-fbdel-ss-txt",1
"upgr-fbrem-type-publ-open-type-publ-type-open-upgr-publ-type-end",1
"upgr-grp-upgr-grp-type-grp-upgr-grp-aa-upgr-aa-publ-type-pvw-aa-end",1
"upgr-fbprop-publ-pvw-type-txt-fbins-addsl-type-publ-int-li-pvw-media-type-fbins-type-pvw-txt-media-type",1
"upgr-fbdel-obj-fbdel-pvw-fbprop-addsl-fbprop-pvw-fbdel-fbprop-fbdel-fbprop-fbins-fbprop-fbins-fbprop-addsl-fbprop-pvw-fbprop",1
"upgr-save-fbdel-ss-fbprop-addsl-aa-txt-addsl-state-addsl-txt-save-state-ss-fbprop-addsl-save-upgr-txt-int",1
"upgr-li-fbdel-int-type-li-fbins-li-pvw-int-arcreat-aud-addsl-aud-pvw-type-pvw-type-publ-pvw-fbins",1
"upgr-type-fbprop-ss-type-txt-fbprop-pvw-fbins-fbdel-fbprop-ss-fbins-ss-pvw-txt-fbprop-addsl-fbins-publ-fbprop",1
"upgr-lms-pvw-lms-pvw-lms-aud-lms-pvw-lms-aud-lms-aud-lms-aud-lms-aud-li-pvw-grp-aud",1
"upgr-pvw-eff-type-publ-type-publ-pvw-publ-media-li-int-publ-type-pvw-type-pvw-eff-media-pvw-save",1
"upgr-fbins-txt-ss-addsl-state-txt-state-ss-txt-pvw-txt-eff-type-pvw-eff-pvw-eff-pvw-publ-eff",1
"upgr-fbprop-ss-fbprop-ss-fbprop-ss-fbprop-addsl-fbins-publ-fbins-txt-fbins-type-fbins-type-fbins-type-fbins-cap",1
"upgr-publ-type-fbprop-txt-type-end",1
"upgr-lms-pvw-lms-fbins-lms-pvw-lms-pvw-lms-type-lms-publ-lms-pvw-ss-lms-pvw-lms-ss-lms",1
"upgr-save-type-publ-end",1
"upgr-quiz-aa-type-prime-media-state-save-publ-media-state-pvw-state-media-prime-save-ss-pvw-state-publ-state",1
"upgr-addsl-publ-fbprop-fbins-fbprop-state-media-aa-publ-state-type-aa-pvw-aa-state-type-state-pvw-publ-type",1
"upgr-ss-fbins-fbdel-fbrem-fbins-aa-fbprop-state-aa-pvw-type-publ-aa-type-aa-pvw-aa-publ-aa-type",1
"upgr-type-fbdel-pvw-eff-publ-fbdel-ss-publ-fbdel-type-fbdel-state-fbdel-save-type-pvw-publ-save-state-addsl",1
"upgr-arcreat-grp-aa-ss-aa-obj-aa-grp-pvw-type-publ-grp-aa-pvw-aa-grp-publ-grp-type-pvw",1
"upgr-pvw-save-grp-publ-aa-type-grp-save-aa-type-grp-publ-save-grp-addsl-grp-save-grp-save-media",1
"upgr-save-grp-save-grp-tts-grp-state-save-state-svg-state-grp-state-save-grp-state-svg-obj-grp-media",1
"upgr-publ-fbprop-state-grp-aa-txt-aa-pvw-aa-pvw-grp-aa-pvw-aa-int-pvw-state-pvw-ss-aa",1
"upgr-fbins-state-fbins-media-fbins-state-fbins-state-fbins-int-fbins-state-fbins-fbprop-arcreat-fbrem-fbprop-fbrem-fbprop-pvw",1
"upgr-publ-addsl-type-svg-media-pvw-save-publ-type-publ-fbprop-fbins-type-publ-upgr-svg-pvw-svg-media-grp",1
"upgr-lms-save-lms-grp-lms-grp-lms-grp-lms-grp-lms-grp-lms-grp-lms-grp-lms-pvw-lms-publ",1
"upgr-lms-pvw-save-lms-pvw-lms-save-media-lms-save-publ-lms-type-lms-grp-lms-pvw-lms-txt-ss",1
"upgr-fbprop-grp-fbprop-addsl-fbprop-imp-fbprop-grp-fbprop-resiz-fbprop-fbins-fbprop-fbdel-fbprop-fbins-fbprop-grp-fbprop-grp",1
"upgr-fbprop-obj-publ-fbprop-type-int-pvw-txt-pvw-ss-publ-ss-publ-pvw-type-addsl-fbprop-save-int-type",1
"upgr-publ-ss-publ-type-pvw-type-publ-type-pvw-publ-type-pvw-fbprop-publ-fbprop-publ-type-pvw-publ-type",1
"upgr-aa-fbrem-type-fbins-pvw-txt-aa-fbins-grp-fbins-publ-fbins-type-fbprop-publ-ss-pvw-fbprop-li-ss",1
"upgr-fbdel-ss-fbdel-ss-fbdel-media-fbdel-save-fbdel-fbins-fbdel-fbins-fbdel-media-arcreat-media-fbrem-fbprop-media-int",1
"upgr-media-type-int-open-media-creat-media-pvw-publ-media-type-pvw-publ-type-pvw-publ-ss-type-pvw-type",1
"upgr-media-fbdel-media-fbprop-publ-fbdel-type-fbprop-pvw-fbdel-media-fbprop-media-fbdel-fbprop-fbdel-fbins-fbprop-fbins-fbdel",1
"upgr-state-fbprop-state-publ-state-pvw-state-type-state-pvw-end",1
"upgr-publ-type-pvw-publ-pvw-type-eff-pvw-eff-type-publ-eff-type-ss-pvw-publ-end",1
"upgr-txt-int-open-fbdel-int-fbins-fbdel-fbins-aud-pvw-end",1
"upgr-fbprop-publ-fbprop-fbins-type-pvw-publ-type-pvw-type-pvw-end",1
"upgr-fbdel-grp-fbdel-pvw-fbdel-grp-fbdel-pvw-fbdel-upgr-fbdel-ss-fbdel-eff-fbdel-pvw-fbdel-pvw-fbdel-eff",1
"upgr-pvw-publ-type-pvw-publ-type-state-aa-type-publ-state-aa-publ-pvw-state-aa-save-state-publ-state",1
"upgr-fbdel-txt-fbdel-addsl-fbdel-txt-fbprop-addsl-fbprop-fbdel-fbprop-pvw-fbprop-addsl-fbprop-media-fbprop-media-fbprop-media",1
"upgr-fbprop-type-fbins-txt-char-media-type-fbdel-char-type-fbins-type-fbprop-pvw-publ-type-upgr-fbprop-end",1
"upgr-fbprop-open-fbdel-int-fbprop-publ-fbprop-fbins-fbprop-fbins-fbprop-type-fbprop-type-fbprop-pvw-fbprop-publ-type-media",1
"upgr-lms-int-lms-publ-lms-pvw-lms-type-lms-pvw-lms-type-lms-publ-type-lms-pvw-lms-pvw-ss",1
"upgr-lms-aa-lms-publ-lms-pvw-lms-type-publ-lms-save-publ-pvw-type-lms-pvw-lms-save-lms-type",1
"upgr-fbprop-fbins-txt-fbprop-open-upgr-end",1
"upgr-arcreat-addsl-fbins-type-quiz-publ-media-fbins-upgr-fbdel-type-int-type-int-publ-type-publ-li-pvw-type",1
"upgr-lms-fbprop-pvw-fbprop-media-fbprop-fbins-fbprop-lms-fbprop-lms-fbprop-lms-fbprop-txt-fbprop-lms-fbprop-lms-fbprop",1
"upgr-pvw-lms-pvw-lms-pvw-lms-pvw-lms-aa-lms-aa-lms-aa-lms-aa-lms-grp-lms-aa-lms",1
"upgr-fbprop-fbins-fbprop-fbins-fbprop-fbins-fbprop-state-fbprop-state-fbprop-fbins-fbprop-type-fbprop-pvw-fbprop-type-fbprop-publ",1
"upgr-aa-lms-publ-lms-pvw-lms-txt-lms-type-lms-fbins-lms-publ-lms-pvw-lms-fbins-lms-fbins-type",1
"upgr-fbprop-publ-fbins-addsl-fbprop-txt-fbins-fbprop-fbins-addsl-fbprop-media-arcreat-txt-fbprop-media-fbprop-media-fbprop-fbins",1
"upgr-publ-fbprop-type-publ-pvw-type-publ-fbprop-type-pvw-media-pvw-upgr-fbprop-type-publ-pvw-publ-type-pvw",1
"upgr-fbprop-state-fbprop-lms-brpubl-lms-brpubl-lms-brpubl-lms-fbprop-type-fbprop-type-fbprop-type-fbprop-publ-fbprop-state",1
"upgr-pvw-type-ss-pvw-type-pvw-type-pvw-end",1
"upgr-fbdel-grp-fbdel-aa-fbdel-aa-grp-state-pvw-grp-publ-type-grp-pvw-type-pvw-publ-type-publ-type",1
"upgr-fbins-fbrem-fbins-fbprop-fbins-fbprop-fbins-fbrem-fbprop-fbrem-fbprop-fbins-fbprop-fbrem-fbprop-end",1
"upgr-fbprop-txt-fbdel-open-fbprop-pvw-fbdel-open-fbprop-txt-fbdel-char-fbprop-fbdel-open-fbprop-upgr-fbprop-upgr-fbprop",1
"upgr-media-type-char-ss-int-txt-ss-pvw-ss-type-fbprop-end",1
"upgr-fbdel-char-fbdel-pvw-arcreat-txt-fbdel-media-fbdel-type-fbdel-publ-fbdel-fbprop-fbdel-char-fbdel-char-fbdel-char",1
"upgr-fbprop-media-fbprop-media-fbprop-ss-fbprop-aa-fbprop-int-fbprop-aa-fbprop-media-fbprop-publ-fbprop-aa-fbprop-media",1
"upgr-type-brpubl-state-upgr-txt-brpubl-state-pvw-brpubl-state-type-state-fbdel-aa-publ-aa-brpubl-state-publ-brpubl",1
"upgr-save-media-publ-media-aa-ss-fbprop-media-pvw-fbdel-fbprop-aa-pvw-aa-type-save-aa-save-addsl-aa",1
"upgr-save-tts-type-tts-fbprop-upgr-ss-tts-txt-tts-ss-tts-save-tts-ss-tts-ss-tts-save-tts",1
"upgr-pvw-char-fbprop-int-tts-fbrem-fbprop-fbins-txt-fbrem-fbprop-fbrem-publ-fbprop-pvw-fbprop-pvw-type-fbprop-type",1
"upgr-fbprop-ss-fbins-fbprop-ss-fbins-state-fbprop-state-fbins-ss-fbprop-fbins-fbprop-fbdel-fbins-fbprop-fbdel-ss-fbprop",1
