"v13","count"
"launch-cap-cpvc-cap-cpvc-cap-cpvc-cap-cpvc-cap-cpvc",1039
"launch-lms-publ-lms-publ-lms-publ-lms-publ-lms-publ",844
"launch-publ-pvw-publ-pvw-publ-pvw-publ-pvw-publ-pvw",784
"launch-pvw-publ-pvw-publ-pvw-publ-pvw-publ-pvw-publ",626
"launch-cpvc-cap-cpvc-cap-cpvc-cap-cpvc-cap-cpvc-cap",590
"launch-publ-lms-publ-lms-publ-lms-publ-lms-publ-lms",245
"launch-lms-publ-lms-publ-lms-publ-lms-publ-lms-end",113
"launch-publ-pvw-publ-pvw-publ-pvw-publ-pvw-publ-end",111
"launch-cap-slid-cap-slid-cap-slid-cap-slid-cap-slid",87
"launch-cap-cpvc-cap-cpvc-cap-cpvc-cap-cpvc-cap-end",77
"launch-pvw-publ-pvw-publ-pvw-publ-pvw-publ-pvw-end",65
"launch-lms-publ-lms-publ-lms-publ-lms-publ-lms-pvw",58
"launch-aud-media-aud-media-aud-media-aud-media-aud-media",55
"launch-lms-publ-lms-pvw-lms-publ-lms-pvw-lms-publ",51
"launch-publ-cap-publ-cap-publ-cap-publ-cap-publ-cap",49
"launch-lms-pvw-lms-publ-lms-publ-lms-publ-lms-publ",48
"launch-cap-publ-cap-publ-cap-publ-cap-publ-cap-publ",48
"launch-lms-publ-pvw-lms-publ-lms-publ-lms-publ-lms",47
"launch-cpvc-cap-cpvc-cap-cpvc-cap-cpvc-cap-cpvc-end",46
"launch-lms-pvw-lms-publ-lms-pvw-lms-publ-lms-publ",41
"launch-media-aud-media-aud-media-aud-media-aud-media-aud",39
"launch-lms-publ-pvw-lms-publ-lms-pvw-lms-publ-lms",37
"launch-lms-publ-pvw-lms-pvw-lms-publ-lms-pvw-lms",34
"launch-publ-save-publ-save-publ-save-publ-save-publ-save",34
"launch-lms-pvw-lms-publ-lms-publ-lms-pvw-lms-publ",33
"launch-lms-publ-lms-pvw-lms-publ-lms-publ-lms-publ",31
"launch-lms-publ-lms-publ-lms-publ-lms-pvw-lms-publ",30
"launch-lms-publ-lms-publ-lms-pvw-lms-publ-lms-publ",30
"launch-cap-aud-cap-cpvc-cap-cpvc-cap-cpvc-cap-cpvc",28
"launch-lms-publ-lms-pvw-lms-pvw-lms-publ-lms-publ",27
"launch-lms-publ-pvw-lms-pvw-lms-publ-lms-publ-lms",27
"launch-media-grp-media-grp-media-grp-media-grp-media-grp",26
"launch-aud-pvw-aud-pvw-aud-pvw-aud-pvw-aud-pvw",26
"launch-tts-slid-tts-slid-tts-slid-tts-slid-tts-slid",26
"launch-lms-pvw-lms-publ-lms-pvw-lms-publ-lms-pvw",25
"launch-lms-publ-lms-pvw-lms-publ-lms-publ-lms-pvw",23
"launch-cap-cpvc-cap-cpvc-cap-aud-cap-cpvc-cap-cpvc",23
"launch-cap-cpvc-cap-cpvc-cap-cpvc-cap-cpvc-cap-publ",23
"launch-lms-publ-pvw-lms-publ-lms-pvw-lms-publ-pvw",22
"launch-tts-pvw-tts-pvw-tts-pvw-tts-pvw-tts-pvw",22
"launch-lms-publ-pvw-lms-publ-lms-pvw-lms-pvw-lms",22
"launch-lms-pvw-lms-publ-lms-publ-pvw-lms-publ-lms",22
"launch-grp-media-grp-media-grp-media-grp-media-grp-media",21
"launch-cap-aud-cpvc-cap-cpvc-cap-cpvc-cap-cpvc-cap",20
"launch-pvw-tts-pvw-tts-pvw-tts-pvw-tts-pvw-tts",20
"launch-cap-cpvc-cap-cpvc-aud-cap-cpvc-cap-cpvc-cap",19
"launch-lms-publ-lms-publ-lms-pvw-lms-publ-lms-pvw",19
"launch-lms-publ-lms-pvw-lms-pvw-lms-publ-lms-pvw",19
"launch-pvw-publ-pvw-publ-pvw-publ-pvw-publ-pvw-txt",19
"launch-lms-publ-pvw-lms-publ-pvw-lms-publ-lms-pvw",19
"launch-save-publ-pvw-publ-pvw-publ-pvw-publ-pvw-publ",19
"launch-slid-cap-slid-cap-slid-cap-slid-cap-slid-cap",19
"launch-lms-publ-pvw-lms-publ-pvw-lms-publ-pvw-lms",18
"launch-aud-publ-aud-publ-aud-publ-aud-publ-aud-publ",18
"launch-cap-cpvc-cap-aud-cpvc-cap-cpvc-cap-cpvc-cap",18
"launch-cap-cpvc-cap-cpvc-cap-cpvc-cap-cpvc-cap-aud",18
"launch-publ-pvw-publ-pvw-media-publ-pvw-publ-pvw-publ",18
"launch-publ-pvw-publ-pvw-save-publ-pvw-publ-pvw-publ",18
"launch-cap-cpvc-cap-aud-cap-cpvc-cap-cpvc-cap-cpvc",17
"launch-cpvc-cap-aud-cap-cpvc-cap-cpvc-cap-cpvc-cap",17
"launch-txt-slid-txt-slid-txt-slid-txt-slid-txt-slid",17
"launch-lms-publ-lms-publ-lms-publ-lms-publ-pvw-lms",17
"launch-lms-publ-pvw-lms-pvw-lms-publ-lms-publ-pvw",17
"launch-publ-aud-publ-aud-publ-aud-publ-aud-publ-aud",17
"launch-publ-grp-publ-grp-publ-grp-publ-grp-publ-grp",17
"launch-lms-publ-lms-pvw-lms-publ-pvw-lms-publ-lms",16
"launch-lms-pvw-lms-publ-lms-publ-lms-pvw-lms-pvw",16
"launch-publ-save-publ-save-publ-save-publ-save-publ-end",16
"launch-lms-pvw-lms-publ-lms-pvw-lms-publ-lms-end",16
"launch-publ-media-publ-media-publ-media-publ-media-publ-media",16
"launch-publ-pvw-publ-pvw-publ-save-publ-pvw-publ-pvw",16
"launch-cap-cpvc-aud-cap-cpvc-cap-cpvc-cap-aud-cap",16
"launch-cap-publ-cpvc-cap-cpvc-cap-cpvc-cap-cpvc-cap",16
"launch-cpvc-cap-cpvc-cap-cpvc-cap-cpvc-cap-cpvc-publ",16
"launch-lms-publ-lms-publ-pvw-lms-publ-lms-pvw-lms",15
"launch-lms-publ-lms-pvw-lms-publ-lms-pvw-lms-pvw",15
"launch-lms-publ-lms-pvw-lms-publ-pvw-lms-pvw-lms",15
"launch-lms-publ-pvw-lms-pvw-lms-pvw-lms-publ-lms",15
"launch-lms-pvw-lms-publ-lms-publ-pvw-lms-publ-pvw",15
"launch-lms-pvw-lms-publ-lms-publ-pvw-lms-pvw-lms",15
"launch-cap-cpvc-cap-publ-cpvc-cap-cpvc-cap-cpvc-cap",15
"launch-lms-pvw-publ-lms-pvw-lms-publ-lms-pvw-lms",15
"launch-publ-pvw-media-publ-pvw-publ-pvw-publ-pvw-publ",15
"launch-slid-tts-slid-tts-slid-tts-slid-tts-slid-tts",15
"launch-publ-pvw-them-publ-pvw-publ-pvw-publ-pvw-publ",14
"launch-publ-pvw-publ-save-publ-pvw-publ-pvw-publ-pvw",14
"launch-publ-pvw-publ-pvw-publ-pvw-save-pvw-publ-pvw",14
"launch-publ-pvw-publ-pvw-publ-pvw-publ-pvw-publ-txt",14
"launch-lms-publ-lms-publ-lms-publ-lms-publ-lms-save",14
"launch-lms-publ-lms-publ-lms-publ-pvw-lms-publ-lms",14
"launch-lms-publ-lms-publ-lms-pvw-lms-pvw-lms-publ",14
"launch-lms-publ-lms-publ-pvw-lms-pvw-lms-publ-lms",14
"launch-lms-publ-lms-pvw-lms-publ-pvw-lms-publ-pvw",14
"launch-lms-publ-lms-save-lms-publ-lms-publ-lms-publ",14
"launch-lms-publ-pvw-lms-publ-lms-publ-lms-pvw-lms",14
"launch-cap-cpvc-cap-cpvc-aud-cap-cpvc-aud-cap-cpvc",14
"launch-lms-publ-pvw-lms-publ-pvw-lms-pvw-lms-publ",14
"launch-cap-cpvc-cap-cpvc-cap-cpvc-cap-publ-cap-cpvc",14
"launch-lms-pvw-lms-publ-lms-pvw-lms-pvw-lms-publ",14
"launch-media-txt-media-txt-media-txt-media-txt-media-txt",14
"launch-publ-aa-publ-aa-publ-aa-publ-aa-publ-aa",14
"launch-cpvc-cap-cpvc-cap-cpvc-cap-aud-cap-cpvc-cap",14
"launch-publ-lms-publ-lms-publ-lms-publ-lms-publ-end",14
"launch-publ-media-pvw-publ-pvw-publ-pvw-publ-pvw-publ",14
"launch-cap-publ-cap-cpvc-cap-cpvc-cap-cpvc-cap-cpvc",13
"launch-lms-publ-lms-pvw-lms-publ-lms-publ-pvw-lms",13
"launch-lms-publ-pvw-lms-publ-pvw-lms-publ-lms-publ",13
"launch-lms-pvw-lms-publ-lms-publ-lms-publ-lms-pvw",13
"launch-lms-pvw-lms-publ-pvw-lms-publ-lms-publ-lms",13
"launch-cap-aud-cap-aud-cap-aud-cap-aud-cap-aud",13
"launch-lms-save-lms-publ-lms-publ-lms-publ-lms-publ",13
"launch-cap-cpvc-aud-cap-cpvc-cap-aud-cap-cpvc-cap",13
"launch-cap-cpvc-cap-cpvc-cap-cpvc-aud-cap-cpvc-cap",13
"launch-publ-lms-publ-lms-publ-lms-publ-lms-pvw-lms",13
"launch-cap-cpvc-cap-cpvc-cap-cpvc-cap-aud-cpvc-cap",13
"launch-cap-cpvc-cap-cpvc-cap-cpvc-cap-publ-cpvc-cap",13
"launch-cap-cpvc-cap-cpvc-cap-publ-cpvc-cap-cpvc-cap",13
"launch-publ-pvw-publ-pvw-publ-pvw-media-publ-pvw-publ",13
"launch-publ-pvw-publ-pvw-publ-pvw-publ-pvw-grp-publ",13
"launch-cpvc-cap-cpvc-cap-cpvc-cap-publ-cap-cpvc-cap",13
"launch-publ-pvw-save-publ-pvw-publ-pvw-publ-pvw-publ",13
"launch-publ-tts-publ-tts-publ-tts-publ-tts-publ-tts",13
"launch-pvw-publ-pvw-publ-pvw-publ-pvw-publ-pvw-media",13
"launch-save-publ-save-publ-save-publ-save-publ-save-publ",13
"launch-aud-save-aud-save-aud-save-aud-save-aud-save",12
"launch-cap-cpvc-cap-aud-cap-aud-cap-cpvc-cap-cpvc",12
"launch-pvw-media-publ-pvw-publ-pvw-publ-pvw-publ-pvw",12
"launch-cap-cpvc-cap-cpvc-cap-cpvc-cap-aud-cap-cpvc",12
"launch-cap-slid-cap-slid-cap-slid-cap-slid-cap-end",12
"launch-cpvc-cap-cpvc-cap-cpvc-cap-cpvc-cap-publ-cpvc",12
"launch-publ-pvw-publ-pvw-publ-pvw-save-publ-pvw-publ",12
"launch-publ-pvw-publ-pvw-publ-pvw-publ-pvw-publ-save",12
"launch-lms-publ-lms-publ-lms-publ-lms-pvw-publ-lms",12
"launch-lms-publ-lms-pvw-publ-lms-publ-lms-publ-lms",12
"launch-lms-pvw-lms-publ-lms-pvw-publ-lms-publ-lms",12
"launch-lms-pvw-lms-pvw-lms-publ-lms-publ-lms-publ",12
"launch-lms-pvw-publ-lms-publ-lms-publ-lms-publ-lms",12
"launch-lms-pvw-publ-lms-publ-lms-pvw-lms-publ-pvw",12
"launch-lms-pvw-publ-lms-pvw-lms-publ-lms-publ-lms",12
"launch-publ-pvw-publ-pvw-publ-pvw-publ-pvw-publ-media",12
"launch-lms-publ-lms-publ-lms-publ-lms-pvw-lms-pvw",11
"launch-cap-cpvc-cap-cpvc-cap-cpvc-aud-cpvc-cap-cpvc",11
"launch-lms-publ-lms-publ-lms-save-lms-publ-lms-publ",11
"launch-cap-cpvc-cap-cpvc-cap-cpvc-cap-cpvc-cap-pvw",11
"launch-lms-publ-lms-publ-pvw-lms-publ-lms-publ-lms",11
"launch-eff-grp-eff-grp-eff-grp-eff-grp-eff-grp",11
"launch-lms-pvw-lms-publ-lms-publ-lms-publ-lms-end",11
"launch-lms-pvw-lms-publ-lms-pvw-lms-publ-pvw-lms",11
"launch-lms-pvw-lms-pvw-lms-publ-lms-publ-lms-pvw",11
"launch-lms-pvw-publ-lms-publ-lms-pvw-lms-publ-lms",11
"launch-publ-lms-pvw-lms-publ-lms-publ-lms-publ-lms",11
"launch-publ-media-publ-pvw-publ-pvw-publ-pvw-publ-pvw",11
"launch-aa-publ-aa-publ-aa-publ-aa-publ-aa-publ",11
"launch-eff-save-eff-save-eff-save-eff-save-eff-save",11
"launch-state-publ-state-publ-state-publ-state-publ-state-publ",11
"launch-publ-pvw-publ-pvw-publ-pvw-publ-pvw-publ-grp",11
"launch-pvw-publ-pvw-them-pvw-publ-pvw-publ-pvw-publ",11
"launch-pvw-publ-pvw-txt-publ-pvw-publ-pvw-publ-pvw",11
"launch-publ-pvw-publ-save-pvw-publ-pvw-publ-pvw-publ",11
"launch-publ-pvw-publ-pvw-txt-publ-pvw-publ-pvw-publ",11
"launch-slid-publ-pvw-publ-pvw-publ-pvw-publ-pvw-publ",11
"launch-publ-pvw-txt-publ-pvw-publ-pvw-publ-pvw-publ",10
"launch-pvw-publ-pvw-aud-publ-pvw-publ-pvw-publ-pvw",10
"launch-pvw-publ-pvw-publ-pvw-publ-pvw-publ-media-pvw",10
"launch-pvw-publ-pvw-publ-pvw-publ-pvw-publ-pvw-state",10
"launch-txt-media-txt-media-txt-media-txt-media-txt-media",10
"launch-pvw-publ-pvw-publ-pvw-publ-pvw-publ-save-publ",10
"launch-pvw-publ-pvw-publ-pvw-save-publ-pvw-publ-pvw",10
"launch-pvw-publ-pvw-publ-pvw-save-pvw-publ-pvw-publ",10
"launch-cap-aud-cap-cpvc-cap-cpvc-aud-cap-cpvc-cap",10
"launch-cap-cpvc-aud-cap-cpvc-cap-cpvc-aud-cap-cpvc",10
"launch-cap-cpvc-aud-cap-cpvc-cap-cpvc-cap-cpvc-aud",10
"launch-cap-cpvc-aud-cap-cpvc-cap-cpvc-cap-cpvc-cap",10
"launch-cap-cpvc-cap-cpvc-cap-aud-cpvc-cap-cpvc-cap",10
"launch-publ-pvw-publ-pvw-publ-pvw-txt-publ-pvw-publ",10
"launch-publ-pvw-publ-pvw-publ-pvw-publ-pvw-txt-publ",10
"launch-cap-cpvc-cap-aud-cap-cpvc-cap-cpvc-aud-cap",10
"launch-publ-pvw-publ-pvw-publ-pvw-publ-pvw-them-publ",10
"launch-cap-cpvc-cap-cpvc-aud-cap-cpvc-cap-aud-cap",10
"launch-cap-cpvc-cap-cpvc-cap-aud-cap-cpvc-aud-cap",10
"launch-lms-publ-lms-publ-lms-pvw-lms-publ-pvw-lms",10
"launch-cap-cpvc-cap-cpvc-cap-cpvc-cap-aud-cap-aud",10
"launch-cap-publ-cap-pvw-cap-publ-cap-pvw-cap-publ",10
"launch-lms-publ-pvw-publ-lms-publ-lms-publ-lms-publ",10
"launch-lms-pvw-lms-pvw-lms-publ-lms-pvw-lms-publ",10
"launch-cap-pvw-cap-cpvc-cap-cpvc-cap-cpvc-cap-cpvc",10
"launch-publ-aud-publ-aud-publ-aud-publ-aud-publ-end",10
"launch-grp-eff-grp-eff-grp-eff-grp-eff-grp-eff",10
"launch-publ-lms-publ-lms-publ-lms-pvw-lms-publ-lms",10
"launch-cpvc-aud-cap-aud-cap-cpvc-cap-cpvc-cap-cpvc",10
"launch-cpvc-aud-cap-cpvc-cap-cpvc-cap-cpvc-cap-cpvc",10
"launch-publ-pvw-publ-pvw-publ-pvw-publ-pvw-save-publ",10
"launch-aud-cap-cpvc-cap-cpvc-cap-cpvc-cap-cpvc-cap",9
"launch-aud-cap-aud-cap-aud-cap-aud-cap-aud-cap",9
"launch-publ-pvw-publ-pvw-publ-pvw-publ-pvw-ss-publ",9
"launch-grp-publ-grp-publ-grp-publ-grp-publ-grp-publ",9
"launch-lms-publ-lms-pvw-publ-lms-pvw-lms-publ-lms",9
"launch-lms-publ-pvw-lms-pvw-lms-publ-lms-pvw-publ",9
"launch-lms-pvw-lms-publ-lms-publ-lms-publ-pvw-lms",9
"launch-lms-pvw-publ-lms-publ-pvw-lms-publ-lms-pvw",9
"launch-cap-aud-cap-cpvc-cap-aud-cap-cpvc-cap-cpvc",9
"launch-media-pvw-publ-pvw-publ-pvw-publ-pvw-publ-pvw",9
"launch-cap-cpvc-cap-cpvc-cap-aud-cap-cpvc-aud-cpvc",9
"launch-cap-cpvc-cap-cpvc-cap-aud-cap-aud-cap-cpvc",9
"launch-cap-cpvc-cap-publ-cap-cpvc-cap-cpvc-cap-cpvc",9
"launch-publ-pvw-publ-pvw-publ-pvw-publ-pvw-aud-publ",9
"launch-publ-pvw-publ-pvw-publ-pvw-publ-pvw-publ-them",9
"launch-publ-pvw-publ-pvw-publ-pvw-publ-save-publ-pvw",9
"launch-state-publ-pvw-publ-pvw-publ-pvw-publ-pvw-publ",9
"launch-cpvc-cap-cpvc-cap-aud-cap-cpvc-cap-cpvc-cap",9
"launch-cpvc-cap-cpvc-cap-aud-cpvc-cap-cpvc-cap-cpvc",9
"launch-cpvc-cap-cpvc-cap-cpvc-cap-cpvc-cap-aud-cap",9
"launch-ss-publ-pvw-publ-pvw-publ-pvw-publ-pvw-publ",9
"launch-publ-pvw-save-publ-pvw-save-publ-pvw-save-publ",9
"launch-publ-state-publ-state-publ-state-publ-state-publ-state",9
"launch-pvw-publ-pvw-media-publ-pvw-publ-pvw-publ-pvw",9
"launch-pvw-publ-pvw-publ-pvw-publ-pvw-media-publ-pvw",9
"launch-pvw-publ-pvw-publ-pvw-publ-pvw-publ-pvw-save",9
"launch-pvw-publ-pvw-publ-pvw-publ-pvw-save-publ-pvw",9
"launch-pvw-them-publ-pvw-publ-pvw-publ-pvw-publ-pvw",9
"launch-qs-slid-qs-slid-qs-slid-qs-slid-qs-slid",9
"launch-slid-qs-slid-qs-slid-qs-slid-qs-slid-qs",9
"launch-state-aa-state-aa-state-aa-state-aa-state-aa",8
"launch-state-save-state-save-state-save-state-save-state-save",8
"launch-publ-qs-publ-qs-publ-qs-publ-qs-publ-qs",8
"launch-them-publ-pvw-publ-pvw-publ-pvw-publ-pvw-publ",8
"launch-pvw-aud-pvw-aud-pvw-aud-pvw-aud-pvw-aud",8
"launch-pvw-publ-pvw-media-pvw-publ-pvw-publ-pvw-publ",8
"launch-pvw-publ-pvw-publ-pvw-media-publ-pvw-publ-pvw",8
"launch-pvw-publ-pvw-publ-pvw-publ-grp-publ-pvw-publ",8
"launch-pvw-publ-pvw-publ-pvw-publ-pvw-publ-pvw-grp",8
"launch-pvw-publ-pvw-publ-pvw-publ-pvw-publ-pvw-them",8
"launch-pvw-state-publ-pvw-publ-pvw-publ-pvw-publ-pvw",8
"launch-save-aud-save-aud-save-aud-save-aud-save-aud",8
"launch-publ-pvw-publ-pvw-publ-pvw-publ-save-pvw-publ",8
"launch-grp-save-grp-save-grp-save-grp-save-grp-save",8
"launch-lms-aa-lms-publ-lms-publ-lms-publ-lms-publ",8
"launch-lms-publ-grp-lms-publ-lms-publ-lms-publ-lms",8
"launch-lms-publ-lms-publ-lms-publ-lms-publ-pvw-publ",8
"launch-lms-publ-lms-publ-lms-publ-lms-save-lms-publ",8
"launch-slid-txt-slid-txt-slid-txt-slid-txt-slid-txt",8
"launch-lms-publ-lms-publ-lms-publ-pvw-lms-pvw-lms",8
"launch-lms-publ-lms-publ-pvw-lms-pvw-lms-pvw-lms",8
"launch-aa-grp-aa-grp-aa-grp-aa-grp-aa-grp",8
"launch-lms-publ-lms-pvw-publ-lms-publ-lms-pvw-lms",8
"launch-lms-publ-pvw-lms-publ-pvw-lms-pvw-publ-lms",8
"launch-lms-pvw-lms-publ-lms-publ-lms-pvw-lms-end",8
"launch-aud-cpvc-cap-cpvc-cap-cpvc-cap-cpvc-cap-cpvc",8
"launch-aud-grp-aud-grp-aud-grp-aud-grp-aud-grp",8
"launch-aud-publ-pvw-publ-pvw-publ-pvw-publ-pvw-publ",8
"launch-lms-pvw-publ-lms-publ-pvw-lms-pvw-lms-publ",8
"launch-lms-save-publ-lms-publ-lms-publ-lms-publ-lms",8
"launch-media-publ-pvw-publ-pvw-publ-pvw-publ-pvw-publ",8
"launch-cap-aud-cap-cpvc-cap-cpvc-cap-cpvc-aud-cap",8
"launch-cap-cpvc-cap-aud-cap-cpvc-aud-cap-cpvc-cap",8
"launch-cap-cpvc-cap-aud-cap-cpvc-cap-cpvc-cap-aud",8
"launch-cap-cpvc-cap-cpvc-aud-cap-aud-cap-cpvc-cap",8
"launch-cap-cpvc-cap-cpvc-cap-cpvc-cap-cpvc-aud-cpvc",8
"launch-publ-pvw-media-pvw-publ-pvw-publ-pvw-publ-pvw",8
"launch-cap-pvw-cpvc-cap-cpvc-cap-cpvc-cap-cpvc-cap",8
"launch-publ-pvw-publ-pvw-media-pvw-publ-pvw-publ-pvw",8
"launch-cap-slid-cap-slid-cap-slid-cap-slid-cap-pvw",8
"launch-publ-pvw-publ-pvw-publ-pvw-publ-grp-pvw-publ",8
"launch-cap-slid-cap-slid-cap-slid-cap-slid-cap-publ",8
"launch-publ-pvw-publ-pvw-publ-pvw-publ-pvw-publ-ss",8
"launch-publ-pvw-publ-pvw-publ-pvw-publ-them-publ-pvw",7
"launch-grp-pvw-publ-pvw-publ-pvw-publ-pvw-publ-pvw",7
"launch-lms-publ-aa-lms-publ-lms-publ-lms-publ-lms",7
"launch-lms-publ-lms-publ-lms-publ-lms-save-publ-lms",7
"launch-lms-publ-lms-publ-pvw-lms-pvw-lms-publ-pvw",7
"launch-lms-publ-lms-pvw-lms-publ-lms-pvw-lms-end",7
"launch-lms-publ-lms-pvw-lms-pvw-lms-publ-pvw-lms",7
"launch-cap-aud-cap-aud-cap-cpvc-cap-cpvc-cap-cpvc",7
"launch-lms-pvw-lms-publ-lms-pvw-publ-lms-pvw-lms",7
"launch-cap-aud-cap-cpvc-cap-cpvc-aud-cap-cpvc-aud",7
"launch-lms-pvw-lms-publ-pvw-lms-publ-lms-publ-pvw",7
"launch-cap-aud-cap-cpvc-cap-cpvc-cap-aud-cap-cpvc",7
"launch-lms-pvw-lms-pvw-publ-lms-publ-lms-publ-lms",7
"launch-cap-aud-cap-cpvc-cap-cpvc-cap-aud-cpvc-cap",7
"launch-cap-cpvc-aud-cap-cpvc-aud-cap-aud-cap-cpvc",7
"launch-cap-cpvc-aud-cap-cpvc-aud-cap-cpvc-cap-cpvc",7
"launch-media-slid-media-slid-media-slid-media-slid-media-slid",7
"launch-cap-cpvc-aud-cap-cpvc-cap-cpvc-aud-cpvc-cap",7
"launch-cap-cpvc-aud-cpvc-cap-cpvc-aud-cap-cpvc-cap",7
"launch-cap-cpvc-cap-aud-cap-cpvc-cap-aud-cap-cpvc",7
"launch-publ-cap-cpvc-cap-cpvc-cap-cpvc-cap-cpvc-cap",7
"launch-cap-cpvc-cap-aud-cpvc-cap-cpvc-cap-aud-cap",7
"launch-cap-cpvc-cap-cpvc-aud-cap-cpvc-cap-cpvc-aud",7
"launch-publ-cap-publ-cap-publ-cap-publ-cap-publ-end",7
"launch-cap-cpvc-cap-cpvc-aud-cpvc-aud-cap-cpvc-cap",7
"launch-publ-cpvc-cap-cpvc-cap-cpvc-cap-cpvc-cap-end",7
"launch-cap-cpvc-cap-cpvc-cap-aud-cap-aud-cpvc-cap",7
"launch-publ-cpvc-cap-cpvc-cap-cpvc-cap-cpvc-cap-cpvc",7
"launch-cap-cpvc-cap-cpvc-cap-aud-cap-cpvc-cap-aud",7
"launch-publ-grp-publ-grp-publ-grp-publ-grp-publ-end",7
"launch-cap-cpvc-cap-cpvc-cap-cpvc-aud-cap-cpvc-aud",7
"launch-cap-cpvc-cap-cpvc-cap-cpvc-cap-cpvc-cap-save",7
"launch-publ-lms-pvw-lms-publ-lms-publ-lms-pvw-lms",7
"launch-cap-cpvc-cap-cpvc-cap-cpvc-cap-cpvc-publ-cpvc",7
"launch-cap-cpvc-cap-cpvc-cap-cpvc-cap-cpvc-publ-end",7
"launch-cap-cpvc-cap-cpvc-cap-publ-cap-cpvc-cap-cpvc",7
"launch-publ-pvw-lms-publ-lms-pvw-lms-publ-lms-pvw",7
"launch-cap-cpvc-cap-pvw-cpvc-cap-cpvc-cap-cpvc-cap",7
"launch-cap-publ-pvw-cap-publ-cap-pvw-cap-publ-pvw",7
"launch-publ-pvw-publ-pvw-grp-publ-pvw-publ-pvw-publ",7
"launch-publ-pvw-publ-pvw-publ-media-pvw-publ-pvw-publ",7
"launch-publ-pvw-publ-pvw-publ-pvw-grp-publ-pvw-publ",7
"launch-publ-pvw-publ-pvw-qs-publ-pvw-publ-pvw-publ",7
"launch-publ-pvw-publ-pvw-publ-pvw-publ-media-publ-pvw",7
"launch-publ-pvw-publ-pvw-publ-pvw-publ-pvw-publ-aa",7
"launch-cpvc-aud-cap-cpvc-cap-aud-cap-cpvc-cap-cpvc",7
"launch-cpvc-aud-cap-cpvc-cap-cpvc-cap-aud-cap-cpvc",7
"launch-publ-pvw-publ-pvw-publ-pvw-publ-pvw-save-pvw",7
"launch-publ-pvw-publ-pvw-publ-save-pvw-publ-pvw-publ",7
"launch-pvw-publ-pvw-save-publ-pvw-publ-pvw-publ-pvw",7
"launch-cpvc-aud-cpvc-aud-cpvc-aud-cpvc-aud-cpvc-aud",7
"launch-pvw-save-publ-pvw-publ-pvw-publ-pvw-publ-pvw",7
"launch-publ-pvw-slid-publ-pvw-publ-pvw-publ-pvw-publ",7
"launch-cpvc-cap-cpvc-cap-cpvc-aud-cpvc-cap-cpvc-cap",7
"launch-cpvc-cap-cpvc-cap-cpvc-cap-cpvc-cap-publ-cap",7
"launch-cpvc-cap-publ-cap-cpvc-cap-cpvc-cap-cpvc-cap",7
"launch-pvw-cap-cpvc-cap-cpvc-cap-cpvc-cap-cpvc-cap",7
"launch-publ-pvw-publ-pvw-them-publ-pvw-publ-pvw-publ",7
"launch-pvw-lms-publ-lms-publ-lms-pvw-lms-publ-lms",7
"launch-pvw-lms-publ-lms-pvw-lms-publ-lms-publ-lms",7
"launch-pvw-lms-pvw-lms-publ-lms-publ-lms-pvw-lms",7
"launch-pvw-publ-pvw-grp-pvw-publ-pvw-publ-pvw-publ",7
"launch-pvw-publ-pvw-grp-publ-pvw-publ-pvw-publ-pvw",7
"launch-pvw-publ-pvw-publ-pvw-publ-pvw-slid-publ-pvw",7
"launch-pvw-publ-pvw-publ-pvw-publ-pvw-them-publ-pvw",7
"launch-pvw-publ-pvw-publ-pvw-publ-save-pvw-publ-pvw",7
"launch-pvw-publ-pvw-publ-pvw-publ-them-pvw-publ-pvw",7
"launch-aud-cap-aud-cap-cpvc-cap-cpvc-cap-cpvc-cap",7
"launch-pvw-publ-pvw-publ-pvw-txt-pvw-publ-pvw-publ",7
"launch-aud-cap-cpvc-cap-cpvc-aud-cap-cpvc-cap-cpvc",7
"launch-pvw-publ-pvw-publ-pvw-txt-publ-pvw-publ-pvw",7
"launch-pvw-publ-pvw-slid-publ-pvw-publ-pvw-publ-pvw",7
"launch-pvw-publ-pvw-them-publ-pvw-publ-pvw-publ-pvw",7
"launch-save-lms-publ-lms-publ-lms-publ-lms-publ-lms",7
"launch-slid-media-slid-media-slid-media-slid-media-slid-media",7
"launch-aud-cap-cpvc-cap-aud-cap-cpvc-cap-cpvc-cap",6
"launch-cap-publ-pvw-publ-pvw-publ-pvw-publ-pvw-publ",6
"launch-publ-save-publ-pvw-publ-pvw-publ-pvw-publ-pvw",6
"launch-publ-save-pvw-publ-pvw-publ-pvw-publ-pvw-publ",6
"launch-publ-pvw-qs-pvw-publ-pvw-publ-pvw-publ-pvw",6
"launch-publ-ss-publ-pvw-publ-pvw-publ-pvw-publ-pvw",6
"launch-cap-aud-cap-aud-cap-aud-cap-cpvc-cap-cpvc",6
"launch-cap-aud-cap-cpvc-aud-cpvc-cap-cpvc-cap-cpvc",6
"launch-cap-aud-cpvc-aud-cap-cpvc-cap-cpvc-cap-cpvc",6
"launch-publ-them-pvw-publ-pvw-publ-pvw-publ-pvw-publ",6
"launch-publ-pvw-publ-pvw-slid-publ-pvw-publ-pvw-publ",6
"launch-publ-pvw-publ-pvw-save-pvw-publ-pvw-publ-pvw",6
"launch-cap-cpvc-cap-aud-cap-cpvc-cap-cpvc-aud-cpvc",6
"launch-cap-cpvc-cap-cpvc-cap-cpvc-cap-publ-cpvc-end",6
"launch-publ-pvw-publ-pvw-slid-pvw-publ-pvw-publ-pvw",6
"launch-cap-cpvc-cap-cpvc-cap-cpvc-publ-cap-cpvc-cap",6
"launch-pvw-cap-pvw-cap-publ-cap-publ-cap-pvw-cap",6
"launch-cap-cpvc-cap-cpvc-cap-cpvc-publ-cpvc-cap-cpvc",6
"launch-cap-cpvc-cap-cpvc-cap-save-cpvc-cap-cpvc-cap",6
"launch-pvw-grp-publ-pvw-publ-pvw-publ-pvw-publ-pvw",6
"launch-pvw-lms-publ-lms-publ-lms-publ-lms-publ-lms",6
"launch-pvw-lms-publ-pvw-lms-publ-lms-pvw-lms-publ",6
"launch-pvw-lms-pvw-lms-publ-lms-publ-lms-publ-lms",6
"launch-pvw-publ-pvw-publ-pvw-publ-pvw-cap-publ-pvw",6
"launch-pvw-publ-pvw-publ-pvw-publ-pvw-aud-pvw-publ",6
"launch-pvw-publ-pvw-publ-pvw-publ-pvw-media-pvw-publ",6
"launch-cpvc-aud-cap-cpvc-aud-cap-cpvc-cap-cpvc-cap",6
"launch-publ-pvw-publ-pvw-save-publ-save-publ-pvw-publ",6
"launch-pvw-publ-pvw-publ-pvw-publ-pvw-publ-ss-pvw",6
"launch-pvw-publ-pvw-publ-pvw-publ-pvw-ss-publ-pvw",6
"launch-pvw-publ-pvw-publ-pvw-publ-pvw-them-pvw-publ",6
"launch-cpvc-cap-cpvc-cap-aud-cap-cpvc-cap-cpvc-aud",6
"launch-pvw-publ-pvw-publ-pvw-publ-ss-pvw-publ-pvw",6
"launch-publ-pvw-publ-pvw-ss-publ-pvw-publ-pvw-publ",6
"launch-cpvc-cap-cpvc-cap-aud-cap-cpvc-cap-aud-cap",6
"launch-pvw-publ-pvw-publ-pvw-slid-publ-pvw-publ-pvw",6
"launch-publ-pvw-publ-txt-pvw-publ-pvw-publ-pvw-publ",6
"launch-cpvc-cap-cpvc-cap-cpvc-aud-cap-cpvc-cap-cpvc",6
"launch-cpvc-cap-cpvc-cap-cpvc-cap-aud-cpvc-cap-cpvc",6
"launch-pvw-publ-pvw-ss-publ-pvw-publ-pvw-publ-pvw",6
"launch-cpvc-cap-cpvc-cap-cpvc-cap-cpvc-aud-cpvc-cap",6
"launch-pvw-publ-pvw-txt-pvw-publ-pvw-publ-pvw-publ",6
"launch-pvw-publ-save-pvw-publ-pvw-publ-pvw-publ-pvw",6
"launch-cpvc-cap-cpvc-cap-cpvc-cap-cpvc-cap-cpvc-aud",6
"launch-pvw-slid-publ-pvw-publ-pvw-publ-pvw-publ-pvw",6
"launch-cpvc-cap-cpvc-cap-publ-cap-cpvc-cap-cpvc-cap",6
"launch-cpvc-cap-cpvc-cap-publ-cpvc-cap-cpvc-cap-cpvc",6
"launch-pvw-txt-publ-pvw-publ-pvw-publ-pvw-publ-pvw",6
"launch-pvw-txt-pvw-publ-pvw-publ-pvw-publ-pvw-publ",6
"launch-cpvc-publ-cpvc-cap-cpvc-cap-cpvc-cap-cpvc-cap",6
"launch-publ-pvw-publ-pvw-publ-pvw-ss-publ-pvw-publ",6
"launch-grp-ss-grp-ss-grp-ss-grp-ss-grp-ss",6
"launch-save-media-save-media-save-media-save-media-save-media",6
"launch-lms-publ-lms-publ-lms-publ-lms-publ-lms-grp",6
"launch-lms-publ-lms-publ-lms-publ-lms-publ-lms-them",6
"launch-save-publ-pvw-publ-pvw-publ-pvw-publ-pvw-save",6
"launch-save-publ-pvw-publ-pvw-publ-pvw-save-publ-pvw",6
"launch-lms-publ-lms-publ-lms-publ-pvw-publ-lms-publ",6
"launch-save-pvw-publ-pvw-publ-pvw-publ-pvw-publ-pvw",6
"launch-lms-publ-lms-publ-lms-publ-save-lms-publ-lms",6
"launch-lms-publ-lms-publ-lms-pvw-lms-pvw-lms-pvw",6
"launch-lms-publ-lms-publ-pvw-lms-publ-pvw-lms-pvw",6
"launch-lms-publ-lms-pvw-lms-pvw-publ-lms-publ-lms",6
"launch-lms-publ-media-publ-lms-publ-lms-publ-lms-publ",6
"launch-lms-publ-pvw-lms-publ-lms-publ-pvw-lms-pvw",6
"launch-lms-publ-pvw-lms-publ-lms-pvw-lms-pvw-publ",6
"launch-lms-pvw-lms-publ-pvw-lms-publ-lms-pvw-lms",6
"launch-lms-pvw-lms-pvw-lms-publ-lms-publ-pvw-lms",6
"launch-lms-pvw-publ-lms-pvw-lms-publ-lms-publ-pvw",6
"launch-lms-pvw-publ-lms-pvw-lms-pvw-lms-publ-lms",6
"launch-media-eff-media-eff-media-eff-media-eff-media-eff",6
"launch-state-grp-state-grp-state-grp-state-grp-state-grp",6
"launch-media-ss-media-ss-media-ss-media-ss-media-ss",6
"launch-publ-lms-publ-lms-pvw-lms-publ-lms-publ-lms",6
"launch-publ-lms-publ-pvw-publ-lms-publ-lms-publ-lms",6
"launch-publ-lms-save-lms-publ-lms-publ-lms-publ-lms",6
"launch-them-slid-them-slid-them-slid-them-slid-them-slid",6
"launch-publ-pvw-grp-publ-pvw-publ-pvw-publ-pvw-publ",6
"launch-publ-pvw-lms-publ-pvw-lms-pvw-lms-publ-lms",6
"launch-publ-pvw-publ-pvw-aa-pvw-publ-pvw-publ-pvw",6
"launch-publ-pvw-publ-pvw-aa-publ-pvw-publ-pvw-publ",6
"launch-publ-pvw-publ-pvw-publ-pvw-publ-aud-publ-pvw",6
"launch-publ-pvw-publ-pvw-publ-pvw-publ-pvw-media-publ",6
"launch-publ-pvw-publ-pvw-publ-them-pvw-publ-pvw-publ",6
"launch-publ-pvw-publ-pvw-publ-them-publ-pvw-publ-pvw",6
"launch-publ-pvw-publ-pvw-publ-pvw-publ-pvw-publ-slid",6
"launch-publ-pvw-publ-pvw-publ-pvw-publ-pvw-slid-publ",6
"launch-publ-pvw-publ-pvw-publ-slid-pvw-publ-pvw-publ",6
"launch-publ-pvw-publ-pvw-publ-pvw-publ-pvw-state-publ",6
"launch-publ-pvw-publ-pvw-publ-pvw-publ-pvw-txt-pvw",6
"launch-publ-pvw-publ-pvw-publ-pvw-publ-txt-publ-pvw",6
"launch-publ-pvw-publ-pvw-publ-pvw-txt-pvw-publ-pvw",6
"launch-tts-publ-tts-publ-tts-publ-tts-publ-tts-publ",5
"launch-lms-grp-lms-publ-lms-publ-lms-publ-lms-publ",5
"launch-lms-grp-lms-grp-lms-grp-lms-grp-lms-grp",5
"launch-lms-publ-lms-aa-lms-publ-lms-publ-lms-publ",5
"launch-lms-publ-lms-publ-lms-publ-aa-lms-publ-lms",5
"launch-lms-publ-lms-publ-save-lms-publ-lms-publ-lms",5
"launch-tts-slid-tts-slid-tts-slid-tts-slid-tts-end",5
"launch-lms-publ-lms-pvw-lms-pvw-publ-lms-publ-pvw",5
"launch-lms-publ-lms-save-publ-lms-publ-lms-publ-lms",5
"launch-lms-publ-lms-them-publ-lms-publ-lms-publ-lms",5
"launch-lms-publ-pvw-lms-publ-lms-pvw-publ-lms-publ",5
"launch-lms-publ-pvw-lms-pvw-publ-lms-publ-pvw-lms",5
"launch-lms-publ-pvw-lms-pvw-lms-publ-pvw-lms-publ",5
"launch-lms-publ-save-lms-publ-lms-publ-lms-publ-lms",5
"launch-lms-pvw-lms-publ-lms-publ-lms-pvw-lms-save",5
"launch-lms-pvw-lms-publ-lms-publ-pvw-lms-pvw-publ",5
"launch-lms-pvw-lms-publ-pvw-lms-pvw-lms-publ-lms",5
"launch-lms-pvw-lms-publ-pvw-lms-publ-pvw-lms-publ",5
"launch-lms-save-lms-publ-pvw-lms-publ-lms-publ-lms",5
"launch-ss-pvw-publ-pvw-publ-pvw-publ-pvw-publ-pvw",5
"launch-publ-grp-publ-pvw-publ-pvw-publ-pvw-publ-pvw",5
"launch-publ-lms-publ-pvw-lms-publ-lms-publ-lms-publ",5
"launch-publ-lms-publ-pvw-lms-publ-pvw-lms-publ-lms",5
"launch-publ-lms-pvw-lms-pvw-lms-publ-lms-publ-lms",5
"launch-publ-pvw-publ-pvw-publ-pvw-publ-pvw-ss-pvw",5
"launch-publ-media-publ-media-publ-media-publ-media-publ-end",5
"launch-aud-publ-aud-publ-aud-publ-aud-publ-aud-end",5
"launch-publ-pvw-eff-publ-pvw-publ-pvw-publ-pvw-publ",5
"launch-publ-pvw-aud-publ-pvw-publ-pvw-publ-pvw-publ",5
"launch-cpvc-ss-cpvc-ss-cpvc-ss-cpvc-ss-cpvc-ss",5
"launch-publ-pvw-media-publ-pvw-media-publ-pvw-publ-pvw",5
"launch-cap-aud-cap-cpvc-cap-cpvc-cap-cpvc-cap-aud",5
"launch-publ-pvw-publ-lms-publ-lms-publ-lms-publ-lms",5
"launch-publ-pvw-publ-media-publ-pvw-publ-pvw-publ-pvw",5
"launch-publ-pvw-publ-pvw-aud-publ-pvw-publ-pvw-publ",5
"launch-publ-pvw-publ-pvw-grp-pvw-publ-pvw-publ-pvw",5
"launch-cap-cpvc-aud-cap-aud-cap-cpvc-cap-cpvc-cap",5
"launch-publ-pvw-publ-pvw-media-publ-pvw-media-publ-pvw",5
"launch-cap-cpvc-aud-cpvc-aud-cap-cpvc-cap-cpvc-aud",5
"launch-publ-pvw-publ-pvw-publ-aud-publ-pvw-publ-pvw",5
"launch-publ-pvw-publ-pvw-publ-grp-publ-pvw-publ-pvw",5
"launch-cap-cpvc-aud-cpvc-cap-cpvc-cap-cpvc-cap-cpvc",5
"launch-publ-pvw-publ-pvw-publ-media-publ-pvw-publ-pvw",5
"launch-publ-pvw-publ-pvw-publ-pvw-cap-pvw-publ-pvw",5
"launch-cap-cpvc-cap-aud-cap-aud-cpvc-cap-cpvc-cap",5
"launch-publ-pvw-publ-pvw-publ-pvw-eff-publ-pvw-publ",5
"launch-cap-cpvc-cap-aud-cpvc-cap-cpvc-aud-cap-cpvc",5
"launch-cap-cpvc-cap-aud-cpvc-cap-cpvc-cap-cpvc-aud",5
"launch-publ-pvw-publ-pvw-publ-pvw-publ-pvw-publ-qs",5
"launch-publ-pvw-publ-pvw-publ-pvw-publ-media-pvw-publ",5
"launch-cap-cpvc-cap-cpvc-aud-cap-aud-cpvc-cap-cpvc",5
"launch-publ-pvw-publ-pvw-publ-pvw-publ-pvw-aa-pvw",5
"launch-cap-cpvc-cap-cpvc-aud-cpvc-cap-cpvc-aud-cap",5
"launch-publ-pvw-publ-pvw-publ-pvw-publ-pvw-grp-pvw",5
"launch-cap-cpvc-cap-cpvc-aud-cpvc-cap-cpvc-cap-cpvc",5
"launch-publ-pvw-publ-pvw-publ-pvw-publ-pvw-publ-state",5
"launch-cap-cpvc-cap-cpvc-cap-cpvc-aud-cpvc-cap-aud",5
"launch-publ-eff-publ-eff-publ-eff-publ-eff-publ-eff",5
"launch-cap-cpvc-cap-cpvc-cap-cpvc-cap-cpvc-aud-cap",5
"launch-cap-cpvc-cap-cpvc-cap-cpvc-cap-save-cap-cpvc",5
"launch-cap-cpvc-cap-cpvc-publ-cap-cpvc-cap-cpvc-cap",5
"launch-publ-pvw-publ-pvw-publ-pvw-publ-state-publ-pvw",5
"launch-publ-pvw-publ-pvw-publ-pvw-publ-them-pvw-publ",5
"launch-cap-cpvc-cap-save-cpvc-cap-cpvc-cap-cpvc-cap",5
"launch-publ-pvw-publ-pvw-publ-pvw-qs-publ-pvw-publ",5
"launch-cap-cpvc-publ-cap-cpvc-cap-cpvc-cap-cpvc-cap",5
"launch-publ-pvw-publ-pvw-publ-pvw-slid-publ-pvw-publ",5
"launch-cap-publ-cap-publ-cap-publ-cap-publ-cap-end",5
"launch-cap-publ-cap-publ-cap-pvw-cap-publ-cap-publ",5
"launch-aud-cap-cpvc-cap-cpvc-cap-cpvc-cap-aud-cap",5
"launch-cap-publ-cap-pvw-cap-publ-pvw-cap-publ-pvw",5
"launch-aa-state-aa-state-aa-state-aa-state-aa-state",5
"launch-cap-pvw-cap-publ-cap-publ-pvw-cap-publ-pvw",5
"launch-aud-cap-cpvc-aud-cap-cpvc-cap-cpvc-aud-cap",5
"launch-cap-pvw-publ-cap-pvw-publ-pvw-publ-pvw-publ",5
"launch-aud-cap-cpvc-cap-cpvc-cap-aud-cap-cpvc-cap",5
"launch-cap-save-cap-save-cap-save-cap-save-cap-save",5
"launch-pvw-publ-txt-pvw-publ-pvw-publ-pvw-publ-pvw",5
"launch-publ-pvw-save-publ-pvw-save-pvw-publ-pvw-publ",5
"launch-pvw-qs-pvw-publ-pvw-publ-pvw-publ-pvw-publ",5
"launch-publ-pvw-ss-pvw-publ-pvw-publ-pvw-publ-pvw",5
"launch-publ-pvw-qs-publ-pvw-publ-pvw-publ-pvw-publ",5
"launch-cap-txt-cap-cpvc-cap-cpvc-cap-cpvc-cap-cpvc",5
"launch-publ-pvw-publ-pvw-state-pvw-publ-pvw-publ-pvw",5
"launch-publ-save-publ-save-publ-save-publ-pvw-publ-save",5
"launch-publ-save-publ-save-publ-save-publ-save-publ-pvw",5
"launch-cpvc-aud-cap-cpvc-cap-cpvc-aud-cap-cpvc-cap",5
"launch-cpvc-aud-cap-cpvc-cap-cpvc-cap-cpvc-aud-cap",5
"launch-publ-ss-pvw-publ-pvw-publ-pvw-publ-pvw-publ",5
"launch-publ-pvw-publ-pvw-txt-pvw-publ-pvw-publ-pvw",5
"launch-cpvc-cap-aud-cap-aud-cap-cpvc-cap-cpvc-cap",5
"launch-cpvc-cap-aud-cap-cpvc-cap-cpvc-aud-cap-cpvc",5
"launch-cpvc-cap-aud-cpvc-cap-cpvc-cap-cpvc-cap-cpvc",5
"launch-cpvc-cap-cpvc-cap-cpvc-cap-cpvc-cap-cpvc-txt",5
"launch-cpvc-cap-cpvc-cap-cpvc-aud-cap-cpvc-cap-aud",5
"launch-cpvc-cap-cpvc-cap-cpvc-cap-cpvc-aud-cap-cpvc",5
"launch-cpvc-cap-cpvc-cap-cpvc-cap-cpvc-cap-cpvc-pvw",5
"launch-pvw-lms-publ-lms-publ-pvw-lms-publ-pvw-lms",5
"launch-cpvc-cap-cpvc-cap-cpvc-cap-cpvc-cap-save-cap",5
"launch-cpvc-cap-cpvc-cap-cpvc-cap-publ-cpvc-cap-cpvc",5
"launch-pvw-lms-pvw-lms-publ-lms-pvw-lms-publ-lms",5
"launch-pvw-media-pvw-publ-pvw-publ-pvw-publ-pvw-publ",5
"launch-pvw-publ-grp-publ-pvw-publ-pvw-publ-pvw-publ",5
"launch-cpvc-cap-publ-cpvc-cap-cpvc-cap-cpvc-cap-cpvc",5
"launch-pvw-publ-pvw-publ-media-publ-pvw-publ-pvw-publ",5
"launch-pvw-publ-pvw-publ-media-pvw-publ-pvw-publ-pvw",5
"launch-pvw-publ-pvw-publ-pvw-cap-publ-pvw-publ-pvw",5
"launch-pvw-publ-pvw-publ-pvw-grp-pvw-publ-pvw-publ",5
"launch-pvw-publ-pvw-publ-pvw-publ-grp-pvw-publ-pvw",5
"launch-pvw-publ-pvw-publ-pvw-publ-pvw-eff-publ-pvw",5
"launch-pvw-publ-pvw-publ-pvw-publ-pvw-grp-pvw-publ",5
"launch-pvw-publ-pvw-publ-pvw-publ-pvw-publ-pvw-slid",5
"launch-pvw-publ-pvw-publ-pvw-publ-pvw-publ-pvw-ss",5
"launch-pvw-publ-pvw-publ-pvw-publ-pvw-publ-save-pvw",5
"launch-pvw-publ-pvw-publ-pvw-publ-pvw-publ-state-publ",5
"launch-pvw-publ-pvw-publ-pvw-publ-txt-publ-pvw-publ",5
"launch-pvw-publ-pvw-publ-pvw-publ-pvw-them-publ-them",5
"launch-pvw-publ-pvw-publ-pvw-publ-save-publ-pvw-publ",5
"launch-pvw-publ-pvw-publ-pvw-publ-slid-publ-pvw-publ",5
"launch-publ-pvw-publ-them-pvw-publ-pvw-publ-pvw-publ",5
"launch-pvw-publ-pvw-publ-pvw-them-publ-pvw-publ-pvw",5
"launch-pvw-publ-pvw-publ-slid-pvw-publ-pvw-publ-pvw",5
"launch-pvw-publ-pvw-publ-save-publ-pvw-publ-pvw-publ",5
"launch-pvw-publ-pvw-save-pvw-publ-pvw-publ-pvw-publ",5
"launch-publ-pvw-publ-txt-publ-pvw-publ-pvw-publ-pvw",5
"launch-pvw-save-publ-pvw-save-publ-pvw-publ-pvw-publ",5
"launch-save-grp-save-grp-save-grp-save-grp-save-grp",5
"launch-save-publ-pvw-publ-pvw-save-publ-pvw-publ-pvw",5
"launch-save-state-save-state-save-state-save-state-save-state",5
"launch-slid-pvw-publ-pvw-publ-pvw-publ-pvw-publ-pvw",5
"launch-pvw-publ-save-publ-pvw-publ-pvw-publ-pvw-publ",4
"launch-cap-publ-cap-pvw-cap-pvw-publ-pvw-cap-publ",4
"launch-pvw-publ-slid-publ-pvw-publ-pvw-publ-pvw-publ",4
"launch-publ-pvw-ss-publ-pvw-publ-pvw-publ-pvw-publ",4
"launch-publ-pvw-state-publ-pvw-publ-pvw-publ-pvw-publ",4
"launch-aud-publ-aud-pvw-aud-publ-pvw-aud-pvw-aud",4
"launch-aud-pvw-aud-publ-aud-publ-aud-publ-aud-publ",4
"launch-publ-pvw-them-pvw-publ-pvw-publ-pvw-publ-pvw",4
"launch-publ-pvw-tts-publ-pvw-publ-pvw-publ-pvw-publ",4
"launch-aud-pvw-aud-pvw-aud-pvw-aud-pvw-aud-publ",4
"launch-publ-save-lms-publ-lms-publ-lms-publ-lms-save",4
"launch-publ-save-lms-publ-lms-publ-lms-publ-lms-publ",4
"launch-publ-save-publ-pvw-publ-pvw-publ-pvw-save-publ",4
"launch-cap-aud-cap-aud-cap-aud-cap-aud-cap-end",4
"launch-publ-save-publ-pvw-publ-pvw-publ-save-publ-pvw",4
"launch-publ-save-publ-pvw-save-publ-pvw-publ-pvw-publ",4
"launch-cap-aud-cap-aud-cap-cpvc-cap-cpvc-cap-aud",4
"launch-cap-aud-cap-cpvc-aud-cap-cpvc-cap-cpvc-cap",4
"launch-cap-aud-cap-cpvc-aud-cap-cpvc-cap-aud-cap",4
"launch-publ-slid-pvw-publ-pvw-publ-pvw-publ-pvw-publ",4
"launch-cap-aud-cap-cpvc-cap-cpvc-aud-cpvc-cap-cpvc",4
"launch-cap-aud-cpvc-cap-cpvc-cap-aud-cap-cpvc-cap",4
"launch-cap-cpvc-aud-cpvc-cap-cpvc-cap-cpvc-aud-cap",4
"launch-publ-txt-publ-pvw-publ-pvw-publ-pvw-publ-pvw",4
"launch-cap-cpvc-aud-cap-aud-cap-aud-cap-cpvc-cap",4
"launch-publ-txt-pvw-publ-pvw-publ-pvw-publ-pvw-publ",4
"launch-cap-cpvc-aud-cap-aud-cap-cpvc-cap-aud-cap",4
"launch-pvw-aa-publ-pvw-publ-pvw-publ-pvw-publ-pvw",4
"launch-cap-cpvc-aud-cap-cpvc-cap-aud-cpvc-cap-cpvc",4
"launch-cap-cpvc-aud-cap-cpvc-cap-aud-cap-aud-cap",4
"launch-pvw-aud-publ-pvw-publ-pvw-publ-pvw-publ-pvw",4
"launch-publ-pvw-publ-slid-pvw-publ-pvw-publ-pvw-publ",4
"launch-pvw-cap-publ-cap-pvw-cap-pvw-cap-publ-cap",4
"launch-cap-cpvc-cap-aud-cap-cpvc-aud-cpvc-cap-end",4
"launch-pvw-cap-publ-pvw-publ-pvw-publ-pvw-publ-pvw",4
"launch-cap-cpvc-cap-aud-cap-cpvc-cap-aud-cpvc-cap",4
"launch-pvw-cap-pvw-publ-pvw-publ-pvw-publ-pvw-publ",4
"launch-pvw-cpvc-cap-cpvc-cap-cpvc-cap-cpvc-cap-cpvc",4
"launch-cap-cpvc-cap-cpvc-aud-cap-cpvc-aud-cpvc-end",4
"launch-cap-cpvc-cap-cpvc-cap-cpvc-cap-cpvc-publ-cap",4
"launch-pvw-lms-publ-lms-pvw-lms-publ-lms-pvw-lms",4
"launch-cap-cpvc-cap-cpvc-cap-cpvc-cap-pvw-cpvc-cap",4
"launch-pvw-lms-publ-pvw-lms-publ-lms-publ-lms-publ",4
"launch-cap-cpvc-cap-cpvc-cap-publ-cpvc-cap-cpvc-publ",4
"launch-pvw-lms-pvw-lms-publ-lms-publ-pvw-lms-pvw",4
"launch-pvw-publ-aud-pvw-publ-pvw-publ-pvw-publ-pvw",4
"launch-cap-cpvc-cap-pvw-cap-cpvc-cap-cpvc-cap-cpvc",4
"launch-pvw-publ-eff-publ-pvw-publ-pvw-publ-pvw-publ",4
"launch-cap-cpvc-cap-slid-cap-slid-cap-slid-cap-slid",4
"launch-cap-cpvc-cap-slid-cap-cpvc-cap-cpvc-cap-slid",4
"launch-cap-cpvc-publ-cpvc-cap-cpvc-cap-cpvc-cap-cpvc",4
"launch-pvw-publ-grp-pvw-publ-pvw-publ-pvw-publ-pvw",4
"launch-cap-publ-cap-cpvc-aud-cap-cpvc-cap-cpvc-aud",4
"launch-pvw-publ-pvw-publ-grp-pvw-publ-pvw-publ-pvw",4
"launch-cap-publ-cap-publ-cap-pvw-cap-publ-pvw-publ",4
"launch-pvw-publ-pvw-publ-grp-publ-pvw-publ-pvw-publ",4
"launch-cap-publ-cap-cpvc-publ-cpvc-cap-cpvc-cap-cpvc",4
"launch-pvw-publ-pvw-publ-pvw-publ-aud-pvw-publ-pvw",4
"launch-pvw-publ-pvw-publ-pvw-publ-pvw-aud-publ-pvw",4
"launch-cap-publ-cap-pvw-cap-publ-pvw-cap-pvw-cap",4
"launch-publ-pvw-publ-them-publ-pvw-publ-pvw-publ-pvw",4
"launch-cap-publ-cap-publ-pvw-publ-cap-publ-cap-publ",4
"launch-pvw-publ-pvw-publ-pvw-publ-pvw-eff-pvw-publ",4
"launch-pvw-publ-pvw-publ-pvw-publ-pvw-grp-publ-pvw",4
"launch-cap-publ-cap-pvw-cap-publ-cap-publ-pvw-cap",4
"launch-pvw-publ-pvw-publ-pvw-publ-pvw-publ-aud-publ",4
"launch-pvw-publ-pvw-publ-pvw-publ-pvw-publ-pvw-eff",4
"launch-cap-publ-cap-pvw-cap-publ-cap-pvw-cap-pvw",4
"launch-pvw-publ-pvw-publ-pvw-publ-pvw-publ-pvw-aud",4
"launch-cap-publ-cap-pvw-cap-pvw-cap-pvw-publ-pvw",4
"launch-pvw-publ-pvw-publ-pvw-publ-txt-pvw-publ-pvw",4
"launch-cap-publ-cap-pvw-cap-pvw-cap-pvw-publ-cap",4
"launch-pvw-publ-pvw-publ-pvw-publ-pvw-publ-pvw-tts",4
"launch-pvw-publ-pvw-publ-pvw-publ-pvw-publ-state-pvw",4
"launch-pvw-publ-pvw-publ-pvw-publ-pvw-publ-them-publ",4
"launch-cap-publ-pvw-cap-publ-cap-pvw-cap-pvw-publ",4
"launch-cap-publ-pvw-cap-publ-pvw-cap-pvw-cap-publ",4
"launch-pvw-publ-pvw-publ-pvw-ss-publ-pvw-publ-pvw",4
"launch-cap-publ-pvw-cap-pvw-cap-publ-pvw-publ-pvw",4
"launch-cap-publ-pvw-publ-cap-pvw-cap-publ-pvw-publ",4
"launch-pvw-publ-pvw-publ-ss-pvw-publ-pvw-publ-pvw",4
"launch-pvw-publ-pvw-publ-save-pvw-publ-pvw-publ-pvw",4
"launch-pvw-publ-pvw-publ-ss-publ-pvw-publ-pvw-publ",4
"launch-aud-cpvc-cap-cpvc-cap-cpvc-cap-cpvc-aud-cap",4
"launch-pvw-publ-pvw-save-publ-pvw-publ-pvw-save-publ",4
"launch-cap-pvw-cap-publ-cap-publ-cap-pvw-cap-publ",4
"launch-cap-pvw-cap-publ-cap-pvw-cap-publ-cap-publ",4
"launch-publ-pvw-save-publ-pvw-publ-pvw-save-publ-pvw",4
"launch-cap-pvw-cap-publ-cap-pvw-cap-pvw-cap-publ",4
"launch-pvw-publ-ss-publ-pvw-publ-pvw-publ-pvw-publ",4
"launch-cap-pvw-cap-publ-pvw-cap-publ-cap-pvw-cap",4
"launch-cap-pvw-cap-pvw-cap-publ-cap-pvw-cap-publ",4
"launch-pvw-ss-publ-pvw-publ-pvw-publ-pvw-publ-pvw",4
"launch-pvw-them-pvw-publ-pvw-publ-pvw-publ-pvw-publ",4
"launch-cap-pvw-publ-pvw-publ-pvw-publ-pvw-publ-pvw",4
"launch-cap-slid-cap-save-cap-slid-cap-slid-cap-slid",4
"launch-cap-slid-cap-slid-cap-slid-cap-publ-pvw-cap",4
"launch-save-aa-save-aa-save-aa-save-aa-save-aa",4
"launch-cap-ss-cap-cpvc-cap-cpvc-cap-cpvc-cap-cpvc",4
"launch-cpvc-aud-cap-aud-cpvc-cap-aud-cap-cpvc-cap",4
"launch-cpvc-aud-cap-aud-cap-cpvc-cap-aud-cap-cpvc",4
"launch-cpvc-aud-cap-cpvc-aud-cap-cpvc-cap-cpvc-aud",4
"launch-cpvc-aud-cap-cpvc-cap-cpvc-cap-cpvc-cap-aud",4
"launch-cpvc-aud-cpvc-cap-cpvc-cap-cpvc-cap-cpvc-cap",4
"launch-save-publ-pvw-publ-pvw-publ-save-publ-pvw-publ",4
"launch-cpvc-cap-aud-cap-cpvc-aud-cap-cpvc-cap-cpvc",4
"launch-save-publ-pvw-publ-pvw-save-publ-pvw-save-publ",4
"launch-cpvc-cap-aud-cap-cpvc-cap-aud-cap-cpvc-cap",4
"launch-cpvc-cap-aud-cap-cpvc-cap-cpvc-cap-aud-cap",4
"launch-cpvc-cap-aud-cap-cpvc-cap-cpvc-cap-cpvc-aud",4
"launch-cpvc-cap-aud-cap-cpvc-cap-cpvc-cap-cpvc-end",4
"launch-cpvc-cap-cpvc-aud-cap-cpvc-cap-aud-cpvc-cap",4
"launch-cpvc-cap-cpvc-aud-cap-cpvc-cap-cpvc-cap-cpvc",4
"launch-cpvc-cap-cpvc-cap-aud-cap-aud-cap-cpvc-cap",4
"launch-cpvc-cap-cpvc-cap-cpvc-aud-cap-aud-cap-cpvc",4
"launch-cpvc-cap-cpvc-cap-cpvc-cap-cpvc-cap-cpvc-save",4
"launch-cpvc-cap-cpvc-cap-cpvc-cap-save-cpvc-cap-cpvc",4
"launch-cpvc-cap-cpvc-cap-publ-cpvc-cap-cpvc-cap-publ",4
"launch-cpvc-cap-cpvc-cap-pvw-cap-cpvc-cap-cpvc-cap",4
"launch-cpvc-cap-pvw-cap-cpvc-cap-cpvc-cap-cpvc-cap",4
"launch-cpvc-publ-cpvc-publ-cpvc-publ-cpvc-publ-cpvc-publ",4
"launch-grp-publ-pvw-publ-pvw-publ-pvw-publ-pvw-publ",4
"launch-lms-publ-aa-publ-lms-publ-lms-publ-lms-publ",4
"launch-lms-publ-lms-aa-publ-lms-publ-lms-publ-lms",4
"launch-lms-publ-lms-grp-lms-publ-lms-publ-lms-publ",4
"launch-state-media-state-media-state-media-state-media-state-media",4
"launch-lms-publ-lms-publ-aa-lms-publ-lms-publ-lms",4
"launch-lms-publ-lms-publ-lms-publ-lms-aa-lms-publ",4
"launch-lms-publ-lms-publ-lms-publ-lms-publ-grp-lms",4
"launch-lms-publ-lms-publ-lms-publ-lms-publ-lms-aa",4
"launch-lms-publ-lms-publ-lms-publ-lms-publ-lms-qs",4
"launch-lms-publ-lms-publ-lms-publ-lms-publ-lms-slid",4
"launch-lms-publ-lms-publ-lms-publ-lms-publ-media-lms",4
"launch-lms-publ-lms-publ-lms-publ-lms-publ-save-lms",4
"launch-lms-publ-lms-publ-lms-publ-lms-save-lms-end",4
"launch-them-publ-pvw-publ-pvw-publ-pvw-publ-pvw-end",4
"launch-lms-publ-lms-publ-lms-publ-lms-pvw-publ-end",4
"launch-lms-publ-lms-publ-lms-publ-media-publ-lms-publ",4
"launch-them-pvw-publ-pvw-publ-pvw-publ-pvw-publ-pvw",4
"launch-lms-publ-lms-publ-lms-pvw-lms-pvw-lms-end",4
"launch-lms-publ-lms-publ-lms-pvw-publ-lms-publ-lms",4
"launch-lms-publ-lms-publ-pvw-lms-publ-lms-publ-pvw",4
"launch-lms-publ-lms-publ-lms-save-publ-lms-publ-lms",4
"launch-lms-publ-lms-publ-pvw-lms-pvw-publ-lms-publ",4
"launch-lms-publ-lms-publ-pvw-publ-lms-publ-lms-publ",4
"launch-lms-publ-lms-publ-them-publ-lms-publ-lms-publ",4
"launch-lms-publ-lms-pvw-grp-lms-publ-lms-publ-lms",4
"launch-lms-publ-lms-pvw-lms-media-lms-publ-pvw-lms",4
"launch-lms-publ-lms-pvw-lms-publ-lms-pvw-publ-lms",4
"launch-txt-publ-pvw-publ-pvw-publ-pvw-publ-pvw-publ",4
"launch-lms-publ-lms-pvw-lms-publ-pvw-lms-save-lms",4
"launch-txt-ss-txt-ss-txt-ss-txt-ss-txt-ss",4
"launch-lms-publ-lms-pvw-publ-lms-pvw-lms-pvw-lms",4
"launch-lms-publ-lms-pvw-publ-lms-pvw-lms-publ-pvw",4
"launch-lms-publ-lms-save-lms-publ-lms-publ-lms-save",4
"launch-lms-publ-pvw-lms-publ-lms-publ-pvw-lms-publ",4
"launch-lms-publ-pvw-lms-publ-lms-pvw-lms-state-lms",4
"launch-lms-publ-pvw-lms-publ-lms-pvw-lms-save-lms",4
"launch-lms-publ-pvw-lms-publ-pvw-lms-publ-pvw-publ",4
"launch-lms-publ-pvw-lms-publ-pvw-publ-lms-publ-lms",4
"launch-lms-publ-pvw-lms-pvw-lms-publ-pvw-lms-pvw",4
"launch-lms-publ-pvw-publ-lms-pvw-lms-publ-lms-publ",4
"launch-lms-publ-them-lms-publ-lms-publ-lms-publ-lms",4
"launch-lms-pvw-lms-publ-lms-publ-lms-pvw-lms-aa",4
"launch-lms-pvw-lms-publ-lms-pvw-lms-save-lms-publ",4
"launch-lms-pvw-lms-publ-lms-pvw-lms-pvw-lms-pvw",4
"launch-lms-pvw-lms-publ-lms-pvw-lms-pvw-publ-lms",4
"launch-aud-cap-cpvc-cap-cpvc-cap-cpvc-aud-cap-cpvc",4
"launch-lms-pvw-lms-publ-pvw-publ-lms-pvw-lms-publ",4
"launch-lms-pvw-lms-pvw-publ-lms-publ-lms-pvw-lms",4
"launch-aa-grp-aa-grp-aa-grp-aa-grp-aa-publ",4
"launch-lms-pvw-publ-lms-publ-lms-publ-lms-pvw-lms",4
"launch-lms-pvw-publ-lms-publ-lms-pvw-lms-pvw-lms",4
"launch-aa-save-aa-save-aa-save-aa-save-aa-save",4
"launch-lms-pvw-publ-lms-pvw-lms-publ-lms-pvw-publ",4
"launch-aa-publ-pvw-publ-pvw-aa-publ-pvw-publ-pvw",4
"launch-media-publ-pvw-publ-pvw-publ-pvw-publ-pvw-media",4
"launch-media-publ-pvw-publ-pvw-media-publ-pvw-publ-pvw",4
"launch-media-publ-pvw-publ-pvw-publ-pvw-media-publ-pvw",4
"launch-aud-cap-cpvc-cap-aud-cap-aud-cap-cpvc-cap",4
"launch-aud-cap-cpvc-cap-cpvc-aud-cap-cpvc-cap-aud",4
"launch-aud-cap-cpvc-cap-cpvc-cap-aud-cap-cpvc-aud",4
"launch-publ-pvw-publ-pvw-publ-pvw-ss-pvw-publ-pvw",4
"launch-publ-aud-media-aud-media-aud-media-aud-media-aud",4
"launch-publ-cap-publ-cap-publ-cap-publ-pvw-cap-publ",4
"launch-grp-aa-grp-aa-grp-aa-grp-aa-grp-aa",4
"launch-grp-aud-grp-aud-grp-aud-grp-aud-grp-aud",4
"launch-publ-cap-slid-cap-slid-cap-slid-cap-slid-cap",4
"launch-publ-pvw-publ-pvw-publ-pvw-save-publ-pvw-save",4
"launch-publ-grp-pvw-publ-pvw-publ-pvw-publ-pvw-publ",4
"launch-publ-lms-publ-lms-publ-lms-publ-lms-publ-pvw",4
"launch-publ-lms-publ-lms-publ-lms-publ-pvw-lms-publ",4
"launch-publ-lms-pvw-lms-publ-lms-pvw-lms-publ-lms",4
"launch-publ-pvw-publ-pvw-publ-qs-pvw-publ-pvw-publ",4
"launch-publ-media-publ-pvw-publ-pvw-publ-media-publ-pvw",4
"launch-publ-pvw-aud-publ-pvw-aud-pvw-publ-pvw-publ",4
"launch-publ-pvw-aud-pvw-publ-pvw-publ-pvw-publ-pvw",4
"launch-publ-pvw-cap-publ-pvw-publ-pvw-publ-pvw-publ",4
"launch-publ-pvw-cap-pvw-publ-pvw-publ-pvw-publ-pvw",4
"launch-publ-pvw-grp-publ-pvw-publ-pvw-grp-publ-pvw",4
"launch-publ-pvw-lms-publ-lms-publ-lms-publ-lms-end",4
"launch-publ-pvw-media-publ-media-publ-pvw-publ-pvw-publ",4
"launch-publ-pvw-media-publ-pvw-publ-pvw-publ-pvw-media",4
"launch-publ-pvw-media-publ-pvw-publ-pvw-media-publ-pvw",4
"launch-publ-pvw-publ-aa-publ-pvw-publ-pvw-publ-pvw",4
"launch-publ-pvw-publ-aud-pvw-aud-publ-pvw-aud-publ",4
"launch-publ-pvw-publ-pvw-publ-txt-publ-pvw-publ-pvw",4
"launch-publ-pvw-publ-cap-publ-cap-publ-cap-publ-cap",4
"launch-publ-pvw-publ-cap-pvw-cap-publ-pvw-publ-pvw",4
"launch-publ-pvw-publ-media-pvw-publ-pvw-publ-pvw-publ",4
"launch-publ-pvw-publ-pvw-save-publ-save-pvw-publ-pvw",4
"launch-publ-pvw-publ-pvw-publ-cap-publ-cap-publ-cap",4
"launch-publ-pvw-publ-pvw-publ-lms-publ-lms-publ-lms",4
"launch-publ-pvw-publ-pvw-qs-pvw-publ-pvw-publ-pvw",4
"launch-publ-pvw-publ-pvw-publ-pvw-eff-pvw-publ-pvw",4
"launch-publ-pvw-publ-pvw-publ-pvw-grp-pvw-publ-pvw",4
"launch-publ-pvw-publ-pvw-publ-pvw-media-pvw-publ-pvw",4
"launch-publ-pvw-publ-pvw-publ-pvw-publ-aa-publ-pvw",4
"launch-publ-pvw-publ-pvw-publ-pvw-publ-aa-pvw-publ",4
"launch-publ-pvw-publ-pvw-publ-pvw-publ-grp-publ-pvw",4
"launch-publ-pvw-publ-pvw-publ-pvw-publ-pvw-publ-tts",4
"launch-publ-pvw-publ-pvw-publ-pvw-publ-pvw-them-pvw",4
"launch-publ-pvw-publ-pvw-publ-pvw-publ-save-publ-end",4
"launch-publ-pvw-publ-pvw-publ-pvw-publ-slid-publ-pvw",4
"launch-publ-pvw-publ-pvw-publ-pvw-publ-save-publ-save",4
"launch-publ-pvw-publ-pvw-publ-pvw-save-publ-save-publ",4
"launch-publ-pvw-publ-pvw-publ-pvw-them-publ-pvw-publ",4
"launch-aud-cap-cpvc-cap-cpvc-cap-cpvc-cap-cpvc-aud",3
"launch-aa-pvw-publ-pvw-publ-pvw-publ-pvw-publ-pvw",3
"launch-publ-pvw-publ-pvw-publ-pvw-state-publ-pvw-publ",3
"launch-aa-publ-lms-publ-lms-publ-lms-publ-lms-publ",3
"launch-publ-pvw-publ-pvw-publ-pvw-them-pvw-publ-pvw",3
"launch-aa-publ-pvw-publ-pvw-publ-pvw-publ-pvw-publ",3
"launch-aud-cap-aud-cap-cpvc-aud-cap-cpvc-cap-cpvc",3
"launch-aud-cap-aud-cpvc-cap-cpvc-cap-cpvc-cap-cpvc",3
"launch-aud-cap-cpvc-aud-cap-cpvc-cap-cpvc-cap-cpvc",3
"launch-lms-aa-lms-publ-lms-pvw-lms-publ-lms-pvw",3
"launch-aud-cap-cpvc-cap-aud-cap-cpvc-aud-cap-cpvc",3
"launch-lms-aa-publ-lms-aa-lms-aa-lms-aa-lms",3
"launch-lms-media-publ-lms-publ-lms-publ-lms-publ-lms",3
"launch-lms-publ-grp-publ-lms-publ-lms-publ-lms-publ",3
"launch-lms-publ-lms-publ-lms-publ-lms-grp-lms-publ",3
"launch-lms-publ-lms-media-lms-publ-lms-publ-lms-publ",3
"launch-lms-publ-lms-publ-lms-aa-lms-publ-lms-publ",3
"launch-lms-publ-lms-publ-lms-grp-lms-publ-lms-publ",3
"launch-lms-publ-lms-publ-lms-publ-lms-publ-aa-lms",3
"launch-lms-publ-lms-publ-lms-publ-lms-pvw-lms-grp",3
"launch-lms-publ-lms-publ-lms-publ-lms-publ-lms-aud",3
"launch-lms-publ-lms-publ-lms-publ-lms-publ-lms-media",3
"launch-lms-publ-lms-publ-lms-publ-lms-publ-lms-state",3
"launch-lms-publ-lms-publ-lms-publ-lms-publ-lms-txt",3
"launch-publ-pvw-publ-pvw-publ-pvw-txt-publ-pvw-slid",3
"launch-lms-publ-lms-publ-lms-publ-lms-pvw-lms-end",3
"launch-lms-publ-lms-publ-lms-publ-lms-pvw-lms-aa",3
"launch-lms-publ-lms-publ-lms-publ-lms-publ-qs-slid",3
"launch-aud-publ-aud-pvw-aud-publ-aud-pvw-aud-publ",3
"launch-lms-publ-lms-publ-lms-publ-media-lms-publ-lms",3
"launch-aud-publ-aud-pvw-aud-pvw-aud-publ-aud-pvw",3
"launch-lms-publ-lms-publ-lms-publ-lms-txt-lms-publ",3
"launch-aud-publ-aud-pvw-publ-aud-pvw-aud-publ-pvw",3
"launch-lms-publ-lms-publ-lms-publ-lms-them-lms-publ",3
"launch-publ-pvw-publ-pvw-publ-pvw-publ-pvw-ss-txt",3
"launch-lms-publ-lms-publ-lms-them-lms-publ-lms-publ",3
"launch-aud-publ-pvw-aud-publ-pvw-publ-pvw-publ-pvw",3
"launch-lms-publ-lms-publ-qs-lms-publ-lms-publ-lms",3
"launch-lms-publ-lms-publ-pvw-publ-pvw-publ-pvw-publ",3
"launch-lms-publ-lms-pvw-lms-pvw-lms-pvw-publ-lms",3
"launch-aud-publ-pvw-publ-aud-pvw-publ-pvw-publ-pvw",3
"launch-lms-publ-lms-pvw-lms-publ-lms-pvw-lms-grp",3
"launch-lms-publ-lms-pvw-lms-publ-lms-pvw-lms-save",3
"launch-lms-publ-lms-pvw-lms-publ-pvw-lms-aa-lms",3
"launch-aud-pvw-aud-publ-aud-pvw-aud-pvw-aud-pvw",3
"launch-lms-publ-lms-pvw-lms-publ-pvw-lms-pvw-publ",3
"launch-aud-pvw-aud-publ-pvw-aud-publ-aud-pvw-aud",3
"launch-lms-publ-lms-pvw-lms-pvw-lms-publ-lms-end",3
"launch-lms-publ-lms-pvw-lms-pvw-lms-pvw-lms-publ",3
"launch-aud-pvw-aud-publ-pvw-aud-pvw-aud-publ-aud",3
"launch-lms-publ-lms-qs-lms-publ-lms-publ-lms-publ",3
"launch-lms-publ-lms-pvw-lms-pvw-publ-lms-pvw-lms",3
"launch-lms-publ-lms-pvw-publ-lms-publ-lms-publ-pvw",3
"launch-lms-publ-lms-pvw-lms-save-lms-publ-pvw-lms",3
"launch-lms-publ-lms-pvw-publ-lms-publ-lms-pvw-publ",3
"launch-lms-publ-lms-pvw-publ-lms-publ-pvw-lms-pvw",3
"launch-lms-publ-lms-pvw-publ-pvw-lms-publ-lms-pvw",3
"launch-aud-slid-aud-slid-aud-slid-aud-slid-aud-slid",3
"launch-cap-aud-cap-aud-cap-cpvc-cap-aud-cap-cpvc",3
"launch-eff-pvw-publ-pvw-publ-pvw-publ-pvw-publ-pvw",3
"launch-cap-aud-cap-cpvc-aud-cap-cpvc-aud-cap-cpvc",3
"launch-lms-publ-pvw-lms-publ-lms-publ-lms-publ-pvw",3
"launch-cap-aud-cap-cpvc-cap-cpvc-aud-cap-cpvc-end",3
"launch-lms-publ-pvw-lms-publ-lms-pvw-lms-aa-lms",3
"launch-cap-cpvc-aud-cpvc-cap-cpvc-cap-cpvc-cap-aud",3
"launch-publ-pvw-publ-pvw-publ-pvw-publ-ss-publ-pvw",3
"launch-cap-aud-cap-cpvc-aud-cpvc-cap-cpvc-aud-cap",3
"launch-lms-publ-pvw-lms-publ-pvw-lms-pvw-lms-end",3
"launch-lms-publ-pvw-lms-publ-pvw-publ-lms-pvw-lms",3
"launch-cap-aud-cap-cpvc-cap-cpvc-aud-cpvc-cap-end",3
"launch-publ-pvw-publ-pvw-publ-pvw-save-pvw-publ-end",3
"launch-cap-aud-cap-cpvc-cap-cpvc-cap-aud-cpvc-end",3
"launch-lms-publ-pvw-lms-pvw-lms-publ-pvw-publ-lms",3
"launch-lms-publ-pvw-lms-pvw-lms-pvw-publ-lms-publ",3
"launch-lms-publ-pvw-lms-pvw-lms-save-lms-publ-lms",3
"launch-lms-publ-pvw-lms-save-lms-publ-lms-pvw-lms",3
"launch-lms-publ-pvw-lms-pvw-publ-lms-save-lms-end",3
"launch-cap-aud-cpvc-cap-aud-cap-cpvc-cap-cpvc-cap",3
"launch-cap-aud-cpvc-cap-cpvc-cap-cpvc-cap-cpvc-aud",3
"launch-lms-publ-pvw-publ-lms-pvw-lms-pvw-lms-publ",3
"launch-lms-publ-pvw-publ-lms-publ-lms-publ-lms-end",3
"launch-lms-publ-ss-lms-publ-lms-publ-lms-publ-lms",3
"launch-lms-publ-save-lms-publ-lms-save-lms-publ-lms",3
"launch-lms-publ-save-publ-lms-publ-lms-publ-lms-publ",3
"launch-lms-publ-txt-publ-lms-publ-lms-publ-lms-publ",3
"launch-lms-pvw-aa-lms-publ-lms-publ-lms-pvw-lms",3
"launch-lms-pvw-lms-aa-lms-publ-lms-pvw-lms-publ",3
"launch-cap-cpvc-aud-cap-aud-cpvc-cap-cpvc-cap-cpvc",3
"launch-publ-pvw-publ-pvw-save-publ-pvw-save-publ-pvw",3
"launch-cap-cpvc-aud-cap-cpvc-aud-cap-aud-cpvc-cap",3
"launch-lms-pvw-lms-publ-lms-publ-lms-publ-save-lms",3
"launch-cap-cpvc-aud-cap-cpvc-aud-cpvc-aud-cap-cpvc",3
"launch-lms-pvw-lms-publ-lms-publ-lms-pvw-publ-pvw",3
"launch-cap-cpvc-aud-cap-cpvc-cap-aud-cap-cpvc-end",3
"launch-lms-pvw-lms-publ-lms-publ-pvw-publ-lms-publ",3
"launch-cap-cpvc-aud-cap-cpvc-cap-cpvc-aud-cap-aud",3
"launch-lms-pvw-lms-pvw-lms-pvw-lms-publ-lms-publ",3
"launch-lms-pvw-lms-publ-lms-pvw-publ-lms-publ-pvw",3
"launch-cap-cpvc-aud-cpvc-cap-cpvc-cap-aud-cap-aud",3
"launch-lms-pvw-lms-publ-lms-save-lms-pvw-publ-lms",3
"launch-lms-pvw-lms-publ-lms-state-lms-state-lms-state",3
"launch-lms-pvw-lms-publ-pvw-lms-publ-pvw-lms-pvw",3
"launch-lms-pvw-lms-pvw-lms-publ-pvw-lms-publ-lms",3
"launch-cap-cpvc-aud-cpvc-cap-aud-cap-cpvc-cap-cpvc",3
"launch-lms-pvw-lms-pvw-lms-publ-lms-pvw-lms-pvw",3
"launch-lms-pvw-lms-pvw-lms-publ-lms-pvw-publ-lms",3
"launch-lms-pvw-lms-save-lms-publ-lms-publ-lms-pvw",3
"launch-lms-pvw-lms-pvw-publ-lms-publ-lms-publ-pvw",3
"launch-cap-cpvc-cap-aud-cap-publ-cpvc-cap-cpvc-aud",3
"launch-publ-pvw-publ-pvw-save-publ-pvw-save-pvw-publ",3
"launch-lms-pvw-publ-lms-publ-lms-publ-lms-publ-pvw",3
"launch-cap-cpvc-cap-aud-cpvc-cap-aud-cpvc-cap-cpvc",3
"launch-lms-pvw-publ-lms-publ-pvw-lms-publ-lms-publ",3
"launch-cap-cpvc-cap-aud-cpvc-aud-cap-cpvc-cap-cpvc",3
"launch-lms-pvw-publ-lms-publ-pvw-lms-pvw-publ-lms",3
"launch-cap-cpvc-cap-aud-cpvc-cap-aud-cap-cpvc-cap",3
"launch-lms-pvw-publ-lms-pvw-lms-publ-pvw-lms-publ",3
"launch-lms-pvw-publ-lms-pvw-lms-publ-lms-save-lms",3
"launch-lms-pvw-publ-lms-pvw-publ-lms-publ-lms-pvw",3
"launch-cap-cpvc-cap-cpvc-aud-cap-cpvc-aud-cap-aud",3
"launch-lms-pvw-publ-lms-pvw-publ-lms-pvw-publ-lms",3
"launch-cap-cpvc-cap-cpvc-aud-cap-cpvc-aud-cpvc-cap",3
"launch-lms-pvw-publ-lms-pvw-publ-lms-pvw-lms-publ",3
"launch-cap-cpvc-cap-cpvc-aud-cpvc-cap-aud-cap-end",3
"launch-lms-save-lms-publ-lms-publ-lms-publ-lms-end",3
"launch-cap-cpvc-cap-cpvc-aud-cpvc-cap-aud-cap-cpvc",3
"launch-lms-save-lms-publ-lms-save-lms-publ-lms-publ",3
"launch-cap-cpvc-cap-cpvc-aud-cpvc-cap-cpvc-cap-aud",3
"launch-lms-slid-lms-publ-lms-publ-lms-publ-lms-publ",3
"launch-lms-state-lms-publ-lms-publ-lms-publ-lms-publ",3
"launch-cap-cpvc-cap-cpvc-cap-aud-cpvc-aud-cap-aud",3
"launch-lms-state-lms-state-lms-state-lms-state-lms-pvw",3
"launch-cap-cpvc-cap-cpvc-cap-aud-cap-publ-cap-cpvc",3
"launch-cap-cpvc-cap-cpvc-cap-aud-cap-publ-cap-publ",3
"launch-publ-pvw-publ-pvw-publ-pvw-cap-publ-pvw-publ",3
"launch-cap-cpvc-cap-cpvc-cap-aud-cpvc-cap-aud-cap",3
"launch-cap-cpvc-cap-cpvc-cap-aud-cpvc-aud-cap-cpvc",3
"launch-cap-cpvc-cap-cpvc-cap-aud-cpvc-cap-cpvc-end",3
"launch-eff-pvw-publ-eff-publ-pvw-publ-pvw-publ-pvw",3
"launch-cap-cpvc-cap-cpvc-cap-cpvc-aud-cap-cpvc-end",3
"launch-cap-cpvc-cap-cpvc-cap-cpvc-aud-cpvc-cap-end",3
"launch-publ-pvw-publ-pvw-publ-pvw-them-publ-pvw-them",3
"launch-cap-cpvc-cap-cpvc-cap-cpvc-cap-cpvc-aud-end",3
"launch-cap-cpvc-cap-cpvc-cap-cpvc-cap-publ-cap-end",3
"launch-cap-cpvc-cap-cpvc-cap-cpvc-cap-cpvc-cap-slid",3
"launch-publ-pvw-publ-pvw-publ-pvw-publ-txt-pvw-publ",3
"launch-cap-cpvc-cap-cpvc-cap-cpvc-cap-publ-cpvc-publ",3
"launch-media-publ-pvw-aud-media-aud-media-aud-media-aud",3
"launch-cap-cpvc-cap-cpvc-cap-cpvc-cap-publ-save-cpvc",3
"launch-cap-cpvc-cap-cpvc-cap-cpvc-cap-pvw-cap-cpvc",3
"launch-cap-cpvc-cap-cpvc-cap-cpvc-save-cpvc-cap-cpvc",3
"launch-cap-cpvc-cap-cpvc-cap-media-cap-cpvc-cap-cpvc",3
"launch-cap-cpvc-cap-cpvc-cap-publ-cap-publ-cpvc-cap",3
"launch-cap-cpvc-cap-cpvc-cap-publ-cpvc-cap-cpvc-end",3
"launch-cap-cpvc-cap-cpvc-cap-pvw-cap-cpvc-cap-cpvc",3
"launch-media-save-media-save-media-save-media-save-media-save",3
"launch-cap-cpvc-cap-cpvc-cap-pvw-cpvc-cap-cpvc-end",3
"launch-cap-cpvc-cap-cpvc-cap-pvw-cpvc-cap-cpvc-cap",3
"launch-cap-cpvc-cap-cpvc-cap-save-cap-cpvc-cap-cpvc",3
"launch-cap-cpvc-cap-cpvc-publ-cpvc-cap-cpvc-cap-cpvc",3
"launch-cap-cpvc-cap-publ-cap-cpvc-cap-cpvc-publ-cap",3
"launch-cap-cpvc-cap-publ-cap-cpvc-cap-cpvc-publ-cpvc",3
"launch-cap-cpvc-publ-cap-cpvc-cap-cpvc-cap-publ-cap",3
"launch-publ-pvw-lms-pvw-lms-publ-lms-pvw-lms-publ",3
"launch-cap-cpvc-txt-cap-cpvc-cap-cpvc-cap-cpvc-cap",3
"launch-media-txt-media-txt-media-txt-media-txt-media-end",3
"launch-cap-media-cap-cpvc-cap-cpvc-cap-cpvc-cap-cpvc",3
"launch-cap-publ-cap-cpvc-cap-cpvc-cap-publ-cap-cpvc",3
"launch-publ-aa-pvw-publ-pvw-publ-pvw-publ-pvw-publ",3
"launch-cap-publ-cap-cpvc-cap-cpvc-cap-cpvc-cap-publ",3
"launch-publ-pvw-publ-pvw-publ-pvw-them-publ-them-publ",3
"launch-cap-publ-cap-cpvc-cap-cpvc-cap-publ-cpvc-end",3
"launch-publ-pvw-publ-pvw-publ-pvw-publ-save-pvw-save",3
"launch-cap-publ-cap-cpvc-cap-cpvc-publ-cap-cpvc-cap",3
"launch-cap-publ-cap-publ-cap-cpvc-cap-cpvc-cap-cpvc",3
"launch-cap-publ-cap-publ-cap-cpvc-cap-cpvc-cap-publ",3
"launch-cap-publ-cap-publ-cap-pvw-cap-publ-pvw-cap",3
"launch-publ-aud-pvw-publ-pvw-publ-pvw-publ-pvw-publ",3
"launch-cap-publ-cap-publ-cap-publ-pvw-publ-pvw-publ",3
"launch-cap-publ-cap-publ-pvw-publ-pvw-publ-pvw-publ",3
"launch-publ-pvw-publ-pvw-publ-txt-pvw-publ-pvw-publ",3
"launch-cap-publ-cap-pvw-cap-publ-cap-publ-pvw-publ",3
"launch-publ-cap-publ-cap-publ-cap-publ-cap-publ-pvw",3
"launch-publ-cap-publ-cap-publ-cap-publ-pvw-publ-pvw",3
"launch-publ-cap-publ-cap-pvw-cap-publ-cap-publ-cap",3
"launch-cap-publ-cap-pvw-cap-publ-pvw-publ-pvw-publ",3
"launch-publ-cap-publ-cap-publ-cap-pvw-publ-pvw-cap",3
"launch-publ-cap-pvw-publ-cap-publ-cap-pvw-cap-publ",3
"launch-cap-publ-cap-pvw-publ-pvw-cap-publ-pvw-cap",3
"launch-publ-cap-pvw-cap-publ-cap-pvw-publ-pvw-publ",3
"launch-cap-publ-cpvc-cap-cpvc-cap-publ-cap-cpvc-cap",3
"launch-publ-cpvc-cap-cpvc-cap-cpvc-cap-cpvc-publ-cap",3
"launch-cap-publ-cpvc-cap-publ-cap-cpvc-cap-cpvc-cap",3
"launch-publ-grp-publ-grp-publ-grp-publ-grp-publ-txt",3
"launch-publ-grp-publ-grp-publ-grp-publ-pvw-publ-pvw",3
"launch-publ-lms-publ-lms-publ-lms-publ-lms-publ-save",3
"launch-cap-publ-pvw-cap-publ-pvw-publ-cap-pvw-cap",3
"launch-publ-lms-publ-lms-publ-pvw-publ-lms-publ-lms",3
"launch-cap-publ-pvw-cap-publ-pvw-publ-pvw-cap-publ",3
"launch-publ-lms-publ-lms-publ-pvw-lms-pvw-lms-publ",3
"launch-publ-lms-publ-lms-pvw-lms-pvw-lms-publ-lms",3
"launch-cap-publ-pvw-cap-publ-pvw-publ-pvw-publ-pvw",3
"launch-publ-lms-publ-lms-pvw-lms-publ-lms-pvw-lms",3
"launch-cap-publ-pvw-cap-pvw-cap-publ-cap-pvw-cap",3
"launch-publ-lms-publ-pvw-lms-publ-lms-publ-lms-pvw",3
"launch-cap-publ-pvw-cap-pvw-publ-cap-publ-pvw-publ",3
"launch-publ-lms-publ-pvw-lms-pvw-lms-publ-lms-pvw",3
"launch-cap-publ-pvw-cap-pvw-publ-cap-publ-cap-pvw",3
"launch-publ-lms-publ-save-lms-publ-lms-publ-lms-publ",3
"launch-cap-publ-pvw-publ-cap-publ-cap-publ-cap-pvw",3
"launch-publ-lms-pvw-lms-publ-lms-pvw-lms-publ-pvw",3
"launch-publ-lms-pvw-lms-publ-lms-publ-lms-publ-pvw",3
"launch-cap-publ-pvw-publ-cap-pvw-cap-publ-pvw-cap",3
"launch-publ-lms-pvw-lms-publ-lms-pvw-lms-pvw-lms",3
"launch-cap-publ-pvw-publ-pvw-cap-pvw-publ-pvw-publ",3
"launch-publ-lms-pvw-lms-publ-pvw-lms-publ-pvw-lms",3
"launch-publ-lms-pvw-lms-pvw-lms-publ-lms-pvw-lms",3
"launch-cap-pvw-cap-publ-cap-publ-cap-pvw-cap-pvw",3
"launch-cap-pvw-cap-publ-cap-pvw-cap-publ-pvw-cap",3
"launch-publ-pvw-publ-pvw-publ-pvw-publ-aud-pvw-publ",3
"launch-publ-pvw-publ-eff-pvw-publ-pvw-publ-pvw-publ",3
"launch-cap-pvw-cap-publ-cap-pvw-publ-cap-pvw-cap",3
"launch-cap-pvw-cap-publ-pvw-cap-publ-cap-publ-cap",3
"launch-cap-pvw-cap-publ-pvw-cap-publ-pvw-cap-publ",3
"launch-cap-pvw-cap-pvw-publ-cap-publ-cap-publ-cap",3
"launch-cap-pvw-cap-pvw-cap-publ-cap-publ-cap-pvw",3
"launch-publ-pvw-aa-publ-pvw-publ-pvw-publ-pvw-publ",3
"launch-cap-pvw-cap-pvw-publ-cap-pvw-publ-cap-pvw",3
"launch-publ-pvw-publ-pvw-publ-pvw-publ-pvw-aud-pvw",3
"launch-cap-pvw-cap-pvw-publ-cap-pvw-cap-publ-cap",3
"launch-cap-pvw-cap-pvw-publ-pvw-publ-pvw-publ-pvw",3
"launch-publ-pvw-aa-pvw-publ-pvw-publ-pvw-publ-pvw",3
"launch-cap-pvw-publ-pvw-cap-publ-cap-pvw-cap-publ",3
"launch-cap-pvw-publ-pvw-cap-publ-cap-pvw-cap-pvw",3
"launch-publ-pvw-cap-cpvc-cap-cpvc-cap-cpvc-cap-cpvc",3
"launch-cap-pvw-publ-pvw-cap-pvw-publ-pvw-publ-pvw",3
"launch-cap-save-cap-cpvc-cap-cpvc-cap-cpvc-cap-cpvc",3
"launch-publ-pvw-cap-publ-cap-pvw-cap-publ-pvw-cap",3
"launch-publ-pvw-publ-pvw-publ-ss-publ-pvw-publ-pvw",3
"launch-publ-pvw-cap-pvw-cap-publ-cap-pvw-cap-publ",3
"launch-cap-save-cpvc-cap-cpvc-cap-cpvc-cap-cpvc-cap",3
"launch-publ-pvw-eff-pvw-publ-pvw-publ-pvw-publ-pvw",3
"launch-publ-pvw-grp-pvw-publ-pvw-publ-pvw-publ-pvw",3
"launch-publ-pvw-lms-publ-lms-publ-lms-publ-lms-publ",3
"launch-cap-slid-cap-aud-cpvc-cap-cpvc-cap-cpvc-cap",3
"launch-publ-pvw-lms-publ-lms-pvw-lms-pvw-lms-publ",3
"launch-publ-pvw-lms-publ-lms-pvw-lms-publ-pvw-lms",3
"launch-publ-pvw-lms-publ-pvw-lms-publ-lms-pvw-lms",3
"launch-publ-pvw-publ-pvw-media-publ-pvw-publ-media-pvw",3
"launch-cap-slid-cap-slid-cap-cpvc-cap-cpvc-cap-cpvc",3
"launch-publ-pvw-lms-pvw-lms-publ-lms-publ-lms-pvw",3
"launch-cap-slid-cap-slid-cap-slid-cap-slid-cap-save",3
"launch-publ-pvw-media-eff-publ-pvw-publ-pvw-publ-pvw",3
"launch-cap-slid-cap-slid-cap-slid-cap-publ-cap-pvw",3
"launch-cap-slid-cap-slid-cap-slid-cap-slid-publ-pvw",3
"launch-cap-slid-cap-slid-cpvc-cap-cpvc-cap-cpvc-cap",3
"launch-publ-pvw-media-publ-pvw-media-pvw-publ-pvw-publ",3
"launch-publ-pvw-media-publ-pvw-publ-pvw-publ-pvw-end",3
"launch-publ-pvw-media-publ-media-pvw-publ-pvw-publ-pvw",3
"launch-cap-slid-cpvc-cap-cpvc-cap-cpvc-cap-slid-cpvc",3
"launch-publ-pvw-publ-pvw-them-publ-pvw-publ-pvw-end",3
"launch-publ-pvw-publ-pvw-state-publ-pvw-state-publ-pvw",3
"launch-publ-pvw-publ-pvw-state-publ-state-pvw-publ-pvw",3
"launch-publ-pvw-publ-pvw-publ-ss-pvw-publ-pvw-publ",3
"launch-publ-pvw-publ-pvw-publ-pvw-publ-pvw-aa-publ",3
"launch-publ-pvw-publ-pvw-state-publ-pvw-publ-pvw-publ",3
"launch-publ-pvw-publ-aa-pvw-publ-pvw-publ-pvw-publ",3
"launch-publ-pvw-publ-aud-publ-pvw-publ-pvw-aud-publ",3
"launch-publ-pvw-publ-cap-pvw-cap-pvw-publ-pvw-publ",3
"launch-publ-pvw-publ-cap-pvw-publ-pvw-publ-pvw-publ",3
"launch-cpvc-aud-cap-aud-cap-cpvc-cap-cpvc-aud-cap",3
"launch-publ-pvw-publ-grp-publ-pvw-publ-pvw-publ-pvw",3
"launch-publ-pvw-publ-grp-pvw-publ-pvw-publ-pvw-publ",3
"launch-publ-pvw-publ-lms-publ-pvw-publ-pvw-publ-pvw",3
"launch-cpvc-aud-cap-aud-cpvc-cap-cpvc-cap-cpvc-cap",3
"launch-publ-pvw-publ-pvw-cap-pvw-publ-pvw-publ-pvw",3
"launch-cpvc-aud-cap-cpvc-aud-cap-aud-cap-cpvc-cap",3
"launch-publ-pvw-publ-pvw-aud-publ-pvw-aud-publ-pvw",3
"launch-cpvc-aud-cap-cpvc-cap-aud-cpvc-cap-cpvc-cap",3
"launch-publ-pvw-publ-pvw-cap-publ-cap-pvw-cap-pvw",3
"launch-publ-pvw-publ-pvw-cap-publ-pvw-publ-pvw-publ",3
"launch-cpvc-aud-cpvc-cap-aud-cap-cpvc-cap-aud-cap",3
"launch-publ-pvw-publ-pvw-eff-publ-pvw-publ-pvw-publ",3
"launch-cpvc-aud-cpvc-aud-cpvc-cap-cpvc-cap-cpvc-cap",3
"launch-publ-pvw-publ-pvw-save-publ-save-publ-pvw-save",3
"launch-cpvc-aud-cpvc-cap-cpvc-cap-cpvc-cap-aud-cap",3
"launch-publ-pvw-publ-pvw-grp-publ-pvw-publ-pvw-grp",3
"launch-publ-pvw-publ-pvw-media-publ-pvw-publ-pvw-media",3
"launch-cpvc-cap-aud-cap-cpvc-aud-cap-cpvc-cap-aud",3
"launch-publ-pvw-publ-pvw-media-pvw-publ-pvw-media-publ",3
"launch-cpvc-cap-aud-cap-cpvc-cap-cpvc-aud-cap-aud",3
"launch-cpvc-cap-aud-cap-cpvc-cap-cpvc-aud-cap-end",3
"launch-publ-pvw-publ-pvw-publ-aa-state-publ-pvw-publ",3
"launch-publ-pvw-publ-pvw-publ-cap-pvw-cap-publ-cap",3
"launch-cpvc-cap-cpvc-aud-cap-cpvc-cap-aud-cap-publ",3
"launch-publ-pvw-publ-pvw-publ-pvw-aud-publ-pvw-publ",3
"launch-publ-pvw-publ-pvw-publ-pvw-aa-pvw-publ-pvw",3
"launch-cpvc-cap-cpvc-aud-cpvc-cap-cpvc-cap-cpvc-cap",3
"launch-publ-pvw-publ-pvw-publ-pvw-publ-cap-publ-pvw",3
"launch-publ-pvw-publ-pvw-publ-pvw-publ-eff-publ-pvw",3
"launch-publ-pvw-publ-pvw-publ-pvw-publ-grp-pvw-grp",3
"launch-publ-pvw-publ-pvw-publ-pvw-publ-pvw-aud-media",3
"launch-cpvc-cap-cpvc-cap-aud-cpvc-cap-aud-cap-cpvc",3
"launch-cpvc-cap-cpvc-cap-aud-cpvc-cap-cpvc-cap-end",3
"launch-publ-eff-pvw-publ-pvw-publ-pvw-publ-pvw-publ",3
"launch-publ-eff-publ-pvw-publ-pvw-publ-pvw-publ-pvw",3
"launch-cpvc-cap-cpvc-cap-cpvc-aud-cap-cpvc-aud-cap",3
"launch-cpvc-cap-cpvc-cap-cpvc-cap-cpvc-aud-cap-aud",3
"launch-cpvc-cap-cpvc-cap-cpvc-cap-cpvc-aud-cpvc-end",3
"launch-publ-pvw-publ-pvw-publ-pvw-publ-pvw-state-pvw",3
"launch-cpvc-cap-cpvc-cap-cpvc-cap-cpvc-cap-aud-cpvc",3
"launch-publ-pvw-publ-pvw-publ-pvw-publ-slid-pvw-publ",3
"launch-cpvc-cap-cpvc-cap-cpvc-cap-cpvc-cap-pvw-cpvc",3
"launch-publ-pvw-publ-pvw-publ-pvw-publ-ss-pvw-publ",3
"launch-cpvc-cap-cpvc-cap-cpvc-cap-cpvc-cap-txt-cpvc",3
"launch-publ-pvw-publ-pvw-publ-pvw-media-publ-media-pvw",3
"launch-cpvc-cap-cpvc-cap-cpvc-publ-cap-cpvc-cap-cpvc",3
"launch-cpvc-cap-cpvc-cap-cpvc-pvw-cpvc-cap-cpvc-cap",3
"launch-publ-pvw-save-publ-pvw-save-publ-pvw-publ-pvw",3
"launch-publ-pvw-save-publ-pvw-publ-save-pvw-save-pvw",3
"launch-publ-pvw-save-publ-pvw-save-publ-pvw-publ-save",3
"launch-cpvc-pvw-cpvc-pvw-cpvc-pvw-cpvc-pvw-cpvc-pvw",3
"launch-publ-pvw-save-publ-save-publ-save-publ-save-publ",3
"launch-publ-pvw-save-publ-save-publ-pvw-save-pvw-publ",3
"launch-cpvc-cap-slid-cap-cpvc-cap-cpvc-cap-cpvc-cap",3
"launch-ss-media-ss-media-ss-media-ss-media-ss-media",3
"launch-publ-pvw-save-pvw-save-publ-pvw-publ-pvw-publ",3
"launch-cpvc-media-cpvc-media-cpvc-media-cpvc-media-cpvc-media",3
"launch-publ-pvw-slid-pvw-publ-pvw-publ-pvw-publ-pvw",3
"launch-publ-pvw-state-publ-state-publ-pvw-publ-pvw-publ",3
"launch-publ-pvw-state-pvw-state-publ-pvw-publ-pvw-publ",3
"launch-publ-pvw-them-publ-pvw-publ-pvw-publ-pvw-them",3
"launch-txt-publ-pvw-txt-pvw-publ-pvw-publ-pvw-publ",3
"launch-publ-pvw-tts-pvw-tts-pvw-tts-pvw-tts-pvw",3
"launch-state-lms-state-lms-state-lms-state-lms-state-lms",3
"launch-state-publ-pvw-state-publ-state-pvw-state-publ-pvw",3
"launch-publ-qs-publ-pvw-publ-pvw-publ-pvw-publ-pvw",3
"launch-state-pvw-state-publ-pvw-state-publ-pvw-state-publ",3
"launch-publ-qs-pvw-publ-pvw-publ-pvw-publ-pvw-publ",3
"launch-ss-publ-pvw-ss-pvw-publ-pvw-publ-pvw-publ",3
"launch-publ-save-publ-pvw-publ-save-publ-pvw-publ-pvw",3
"launch-publ-save-publ-pvw-publ-pvw-save-publ-pvw-publ",3
"launch-publ-pvw-publ-save-publ-save-publ-pvw-publ-pvw",3
"launch-publ-save-publ-save-publ-pvw-publ-pvw-publ-pvw",3
"launch-publ-pvw-publ-save-publ-save-publ-save-publ-pvw",3
"launch-tts-pvw-publ-pvw-publ-pvw-publ-pvw-publ-pvw",3
"launch-publ-save-pvw-save-publ-pvw-save-publ-pvw-save",3
"launch-txt-pvw-publ-pvw-publ-pvw-publ-pvw-publ-pvw",3
"launch-publ-slid-publ-pvw-publ-pvw-publ-pvw-publ-pvw",3
"launch-publ-pvw-publ-save-pvw-publ-pvw-save-publ-pvw",3
"launch-publ-state-publ-pvw-publ-pvw-publ-pvw-publ-pvw",3
"launch-publ-state-publ-pvw-publ-state-publ-pvw-state-publ",3
"launch-publ-state-publ-state-publ-state-publ-state-publ-pvw",3
"launch-publ-state-pvw-publ-pvw-publ-pvw-publ-pvw-publ",3
"launch-publ-state-pvw-state-publ-pvw-publ-pvw-publ-pvw",3
"launch-publ-them-publ-pvw-publ-pvw-publ-pvw-publ-pvw",3
"launch-publ-tts-pvw-tts-publ-pvw-publ-tts-publ-pvw",3
"launch-publ-tts-pvw-publ-tts-pvw-publ-pvw-publ-pvw",3
"launch-txt-pvw-txt-pvw-txt-pvw-txt-pvw-txt-pvw",3
"launch-pvw-cap-publ-cap-publ-cap-pvw-cap-publ-cap",3
"launch-pvw-cap-publ-pvw-publ-pvw-publ-pvw-publ-end",3
"launch-pvw-cap-pvw-cap-publ-cap-pvw-publ-cap-publ",3
"launch-pvw-cpvc-pvw-cpvc-pvw-cpvc-pvw-cpvc-pvw-cpvc",3
"launch-pvw-eff-publ-pvw-publ-pvw-publ-pvw-publ-pvw",3
"launch-pvw-grp-publ-pvw-publ-grp-publ-pvw-publ-pvw",3
"launch-state-ss-state-ss-state-ss-state-ss-state-publ",3
"launch-pvw-lms-publ-lms-publ-lms-publ-lms-publ-pvw",3
"launch-state-pvw-state-publ-pvw-publ-pvw-publ-pvw-publ",3
"launch-pvw-lms-publ-lms-publ-pvw-lms-publ-lms-pvw",3
"launch-pvw-lms-publ-lms-publ-pvw-lms-pvw-lms-publ",3
"launch-publ-pvw-publ-ss-publ-pvw-publ-pvw-publ-pvw",3
"launch-pvw-lms-publ-lms-pvw-lms-pvw-lms-pvw-lms",3
"launch-state-publ-pvw-state-pvw-state-publ-state-pvw-publ",3
"launch-pvw-lms-publ-pvw-lms-publ-pvw-lms-publ-lms",3
"launch-pvw-lms-publ-pvw-lms-publ-lms-publ-pvw-lms",3
"launch-pvw-lms-publ-pvw-publ-lms-publ-lms-publ-lms",3
"launch-pvw-lms-publ-pvw-publ-pvw-publ-pvw-lms-publ",3
"launch-pvw-lms-pvw-publ-lms-publ-lms-pvw-lms-publ",3
"launch-pvw-media-publ-pvw-publ-pvw-publ-media-publ-pvw",3
"launch-pvw-media-publ-pvw-publ-pvw-publ-pvw-publ-media",3
"launch-pvw-media-publ-pvw-publ-pvw-publ-pvw-publ-end",3
"launch-pvw-media-pvw-media-publ-pvw-publ-pvw-publ-pvw",3
"launch-pvw-media-pvw-publ-pvw-publ-pvw-publ-media-pvw",3
"launch-pvw-publ-cap-publ-pvw-publ-pvw-publ-pvw-publ",3
"launch-pvw-publ-cap-pvw-publ-pvw-publ-pvw-publ-pvw",3
"launch-pvw-publ-eff-pvw-publ-pvw-publ-pvw-publ-pvw",3
"launch-pvw-publ-lms-publ-lms-publ-lms-publ-lms-publ",3
"launch-pvw-publ-lms-pvw-lms-pvw-lms-publ-lms-publ",3
"launch-publ-pvw-publ-state-publ-pvw-publ-pvw-publ-pvw",3
"launch-pvw-publ-lms-pvw-lms-publ-lms-publ-lms-pvw",3
"launch-pvw-publ-media-publ-pvw-publ-pvw-publ-pvw-publ",3
"launch-pvw-publ-pvw-aa-publ-pvw-publ-pvw-publ-pvw",3
"launch-pvw-publ-pvw-aud-pvw-aud-publ-pvw-publ-pvw",3
"launch-pvw-publ-pvw-cap-publ-pvw-publ-pvw-publ-pvw",3
"launch-pvw-publ-pvw-eff-publ-pvw-publ-pvw-publ-pvw",3
"launch-pvw-publ-pvw-media-publ-pvw-media-publ-pvw-publ",3
"launch-pvw-publ-pvw-media-publ-media-pvw-publ-pvw-media",3
"launch-pvw-publ-pvw-qs-publ-pvw-publ-pvw-publ-pvw",3
"launch-pvw-publ-pvw-publ-aa-pvw-publ-pvw-publ-pvw",3
"launch-pvw-publ-pvw-publ-aa-publ-pvw-publ-pvw-publ",3
"launch-pvw-publ-pvw-publ-eff-pvw-publ-pvw-publ-pvw",3
"launch-pvw-publ-pvw-publ-pvw-aa-publ-pvw-publ-pvw",3
"launch-pvw-publ-pvw-publ-pvw-aud-publ-pvw-publ-pvw",3
"launch-pvw-publ-pvw-publ-pvw-eff-publ-pvw-publ-pvw",3
"launch-pvw-publ-pvw-publ-pvw-media-publ-pvw-publ-media",3
"launch-pvw-publ-pvw-publ-pvw-publ-eff-pvw-publ-pvw",3
"launch-pvw-publ-pvw-publ-pvw-publ-media-publ-pvw-publ",3
"launch-pvw-publ-pvw-publ-pvw-publ-media-pvw-publ-pvw",3
"launch-pvw-publ-pvw-publ-pvw-publ-pvw-publ-media-publ",3
"launch-pvw-publ-pvw-publ-pvw-publ-pvw-publ-grp-publ",3
"launch-pvw-publ-pvw-publ-pvw-publ-pvw-publ-pvw-qs",3
"launch-pvw-publ-pvw-publ-pvw-publ-pvw-publ-ss-publ",3
"launch-pvw-publ-pvw-publ-pvw-publ-pvw-publ-txt-publ",3
"launch-pvw-publ-pvw-publ-pvw-publ-pvw-save-pvw-publ",3
"launch-pvw-publ-pvw-publ-pvw-publ-pvw-slid-pvw-publ",3
"launch-pvw-publ-pvw-publ-pvw-publ-pvw-state-pvw-publ",3
"launch-pvw-publ-pvw-publ-pvw-publ-slid-pvw-publ-pvw",3
"launch-pvw-publ-pvw-publ-pvw-publ-state-pvw-publ-pvw",3
"launch-pvw-publ-pvw-publ-pvw-save-publ-pvw-save-pvw",3
"launch-pvw-publ-pvw-publ-pvw-save-pvw-save-publ-save",3
"launch-pvw-publ-pvw-publ-save-pvw-publ-save-pvw-publ",3
"launch-pvw-publ-pvw-publ-them-publ-pvw-publ-pvw-publ",3
"launch-pvw-publ-pvw-publ-txt-publ-pvw-publ-pvw-publ",3
"launch-pvw-publ-pvw-qs-slid-qs-slid-publ-pvw-publ",3
"launch-pvw-publ-pvw-save-publ-pvw-publ-save-pvw-publ",3
"launch-pvw-publ-pvw-state-publ-pvw-publ-pvw-publ-pvw",3
"launch-pvw-publ-pvw-slid-pvw-publ-pvw-publ-pvw-publ",3
"launch-pvw-publ-pvw-txt-media-publ-pvw-publ-pvw-publ",3
"launch-pvw-publ-slid-pvw-publ-pvw-slid-publ-pvw-publ",3
"launch-pvw-publ-save-publ-pvw-publ-pvw-publ-save-publ",3
"launch-pvw-publ-ss-pvw-publ-pvw-publ-pvw-publ-pvw",3
"launch-pvw-publ-them-pvw-publ-pvw-publ-pvw-publ-pvw",3
"launch-pvw-publ-them-publ-pvw-publ-pvw-publ-pvw-publ",3
"launch-pvw-publ-txt-publ-pvw-publ-pvw-publ-pvw-publ",3
"launch-publ-pvw-save-publ-pvw-save-pvw-publ-pvw-save",3
"launch-pvw-save-publ-pvw-publ-pvw-publ-pvw-publ-save",3
"launch-publ-pvw-save-publ-save-pvw-publ-pvw-publ-pvw",3
"launch-publ-pvw-save-pvw-publ-pvw-save-publ-pvw-publ",3
"launch-pvw-save-publ-pvw-publ-save-pvw-publ-pvw-publ",3
"launch-pvw-save-publ-pvw-save-publ-pvw-save-publ-pvw",3
"launch-pvw-save-publ-pvw-publ-save-pvw-publ-save-publ",3
"launch-pvw-save-pvw-publ-pvw-publ-pvw-publ-pvw-publ",3
"launch-pvw-save-pvw-save-pvw-save-pvw-save-pvw-save",3
"launch-pvw-them-publ-pvw-publ-pvw-them-publ-pvw-publ",3
"launch-pvw-tts-pvw-tts-pvw-tts-pvw-tts-publ-pvw",3
"launch-qs-publ-qs-publ-qs-publ-qs-publ-qs-publ",3
"launch-save-lms-publ-lms-publ-lms-save-lms-publ-lms",3
"launch-save-publ-pvw-publ-pvw-publ-save-pvw-publ-pvw",3
"launch-save-publ-pvw-publ-save-publ-pvw-publ-save-publ",3
"launch-save-publ-pvw-save-publ-pvw-publ-pvw-publ-pvw",3
"launch-save-publ-pvw-save-publ-pvw-save-pvw-publ-pvw",3
"launch-save-publ-pvw-save-publ-pvw-save-publ-pvw-publ",3
"launch-save-publ-pvw-save-pvw-save-publ-pvw-publ-pvw",3
"launch-save-publ-save-publ-pvw-publ-pvw-publ-pvw-publ",3
"launch-save-txt-save-txt-save-txt-save-txt-save-txt",3
"launch-slid-cap-pvw-cap-slid-cap-slid-cap-slid-cap",3
